Name,smiles
Molecule_1,Cc1cc(N)nc(NC23CC4CC(CC(C4)C2)C3)n1
Molecule_2,Nc1ncnc2c1ncn2Cc1ccccc1F
Molecule_3,COc1ccc(C2(O)OC(=O)C(c3ccc4c(c3)OCO4)=C2Cc2ccccc2)cc1OC
Molecule_4,CS[C@@H]1[C@@H](N)[C@@H](O)[C@@H](O)[C@H]1O
Molecule_5,CN1CCC23c4c5ccc(O)c4OC2[C@H](O)[C@](CO)(CCCCCc2ccccc2)CC3C1C5
Molecule_6,CC(C)C(=O)NCC(C)(C)NCC(O)COC(=O)c1ccccc1F
Molecule_7,Cc1ccc(C=C2C(=O)NC(=S)NC2=O)o1
Molecule_8,Clc1ccc(Cc2nnc(Cc3ccc(Cl)cc3)nn2)cc1
Molecule_9,CSCC[C@H](NC(=O)C1(Oc2ccc(CC(=O)Nc3cc(C)cc(C)c3)cc2)CCCC1)C(=O)O
Molecule_10,Cc1cc(NCC2CCN(CC3CCCCC3)C2)nc(Nc2ccc(Cl)cc2)n1
Molecule_11,c1ccc(C2CN3CCNCC3c3ccccc32)cc1
Molecule_12,CCC/N=c1\c(O)c(O)\c1=N/[C@@H](Cc1ccc(Oc2ncccn2)cc1)C(=O)O
Molecule_13,C/C(=C(\C#N)C(N)=O)c1ccc(Cl)cc1Cl
Molecule_14,COc1ccc2cc(C(=O)NCCCNC(=O)c3ccc4cc(OC)ccc4c3)ccc2c1
Molecule_15,CN1CCN(c2nc3ccccc3n2CCc2ccccc2)CC1
Molecule_16,CC(C)(C)c1cc(CCc2cccnc2)cc(C(C)(C)C)c1O
Molecule_17,CCc1cc(C#N)ccc1C/N=c1\c(O)c(O)\c1=N/C(C)(C)CC
Molecule_18,N#C/N=C1\N(CCCCCCOc2ccc(Cl)cc2)C(=O)CCN1c1ccncc1
Molecule_19,CC[C@H]1CC[C@@H](O)[C@@H](CO[C@@H]2O[C@H](CO)[C@@H](O)[C@H](O)[C@H]2O)N1
Molecule_20,Cc1cccc(C)c1NN=C1CCC(C)n2c1ncc(C(=O)O)c2=O
Molecule_21,CCS(=O)(=O)Nc1cccc(OCc2ccc3ccccc3c2)c1
Molecule_22,O=C(c1ccc(F)cc1)C(O)(Cn1cncn1)c1ccc(Cl)cc1
Molecule_23,O=C(O)C(Cc1c[nH]c2ccccc12)NC(=O)C(CS)C1CCc2cc(O)ccc21
Molecule_24,CCCN(CCC)c1cc(NC(=O)c2cccs2)cc(C(F)(F)F)c1
Molecule_25,c1cc2c3c(c1)OC(C1=NCCN1)CN3CC2
Molecule_26,CCCCCC(=O)c1c(O)cc(C)oc1=O
Molecule_27,FC(F)(F)[C@H]1Cc2ccc(Br)cc2CN1
Molecule_28,CCc1noc(C2=CCCNC2)n1
Molecule_29,CC(N/C(=N\C#N)Nc1ccncc1)C(C)(C)C
Molecule_30,CN(C)c1cccc2c(S(=O)(=O)Nc3cnccn3)cccc12
Molecule_31,CCCCn1c(=O)c2c(nc3n(Cc4cccs4)c(O)c(CCC)c(=O)n23)n(CCCC)c1=O
Molecule_32,Cc1cc(O)nc2cc(O)ccc12
Molecule_33,Nc1ccc(OC23CC4CC5C6CC(CC52)CC3C6C4)cc1
Molecule_34,Clc1nc(C#Cc2ccccc2)c2ncn(Cc3ccccc3)c2n1
Molecule_35,Nc1c(O)c(Cl)cc(Cl)c1Cl
Molecule_36,COc1cc(COc2ccc3c(c2)C(C)=CC(C)(C)N3)cc(OC)c1
Molecule_37,CC1(C)C=C(C(=O)NCCCNCc2ccc[nH]2)C(C)(C)N1
Molecule_38,Fc1ccc(C2=CCc3ccccc3N=C2N2CCN(Cc3ccccc3)CC2)cc1
Molecule_39,COC(=O)c1c(O)cc(O)c(Cl)c1CCC(=O)Nc1cccc(Br)c1
Molecule_40,Cn1c(=O)ccc2cc(C(=O)NCCCCCCC(=O)NO)ccc21
Molecule_41,CON(C)C1=NC(=O)/C(=C/c2cc(C(C)(C)C)c(O)c(C(C)(C)C)c2)S1
Molecule_42,O=C(O)CCCCCCCOc1ccc(NC(=O)c2c(O)nc3ccc(F)cc3c2O)cc1
Molecule_43,CCCCCC(C)=O
Molecule_44,C=CCC1=C(C(=O)O)N2C(=O)[C@@H](NC(=O)[C@H](N)c3ccc(O)cc3)[C@H]2SC1
Molecule_45,CC1(C)C=C(n2ccccc2=O)c2cc(S(=O)(=O)NCCO)ccc2O1
Molecule_46,CC1(c2ccccc2)OC(/C=C/c2ccccn2)=CC1=O
Molecule_47,NC1=NC(c2ccccc2)Cc2ccsc21
Molecule_48,COc1ccc(C2C=C(c3ccccc3)NC3=C2C(=O)CCC3)cc1
Molecule_49,Oc1nc2c(C(F)(F)F)cc(C#CCN3CCC(Cc4ccc(F)cc4)CC3)cc2[nH]1
Molecule_50,FC(F)(F)COc1ccc(Cc2ccc(NC3=NCCN3)cc2)cc1
Molecule_51,Nc1nc(N)c2nc(COc3ccc(C(=O)NC(CCC(=O)O)C(=O)O)cc3)cnc2n1
Molecule_52,COC1=Nc2ccc(NC(=O)CCCCCCC(=O)NO)cc2C(C)(C)C1
Molecule_53,COc1c2occc2c(CO)c2ccc(=O)oc12
Molecule_54,CC(C)N(CCC(CCN(C(C)C)C(C)C)(C(N)=O)c1ccc(Cl)cc1)C(C)C
Molecule_55,CCCC(O)C(O)(Cn1cncn1)c1ccc(Cl)cc1
Molecule_56,CN(CCCN1CCCCC1)c1c2c(nc3ccccc13)CCCC2
Molecule_57,CC(C)(N)C(=O)N[C@H](Cc1c[nH]c2ccccc12)C(=O)N[C@@H](Cc1c[nH]c2ccccc12)NC=O
Molecule_58,CN1CCCC1=O
Molecule_59,OCCN1CCN(C2CC(c3ccc(F)cc3)c3ccc(C(F)(F)F)cc32)CC1
Molecule_60,CN(C)CCCOc1cc(C(=O)Nc2ccc3c(c2)C(=O)N(C)C3=O)n(Cc2ccccc2)n1
Molecule_61,CCCCCCCCCC(=O)CC(=O)NC1CCSC1=O
Molecule_62,NC[C@@H](O)c1ccccc1
Molecule_63,Cc1ccc(C#Cc2ccc(S(=O)(=O)NC(CC#Cc3ccccc3)C(=O)O)cc2)cc1
Molecule_64,CC(=O)N1C[C@H](O)C[C@H]1C(=O)NC(CCCN=C(N)N)C(=O)c1nccs1
Molecule_65,COc1ccc2c(c1)[C@@H](N1CCN(C(=O)C(C)C)CC1)CC2
Molecule_66,CCC(=O)C(Nc1ccc(Cl)cc1)NC(Cn1ccnc1)c1ccc(Cl)cc1Cl
Molecule_67,CC(=O)NC[C@H]1CN(c2ccc3[nH]ccc3c2)C(=O)O1
Molecule_68,Nc1nc2c(ncn2[C@@H]2O[C@@H](CO)[C@@H](O)[C@H]2O)c(=O)[nH]1
Molecule_69,CCCNc1cc(C)cc(NC(=O)c2c(F)cccc2F)c1
Molecule_70,CC(C)c1ccc(N/N=C2\CCC(C)n3c2ncc(C(=O)O)c3=O)cc1
Molecule_71,NCc1cccc(Cl)c1
Molecule_72,CCOc1ccc(NC(=O)C(CN(C)C)N(C)C)cc1OCC
Molecule_73,Nc1ccc(Cc2cnc(N)nc2N)cc1
Molecule_74,O=C(Cc1ccc(Cl)cc1)NCCNCC(O)c1ccccc1
Molecule_75,O=C(NCCCn1ccnc1)c1cc(Br)c(Br)s1
Molecule_76,N#Cc1ccc(NC2=C(Cl)C(=O)c3cccnc3C2=O)cc1
Molecule_77,NC(=O)[C@@H](Cc1ccc2ccccc2c1)NCc1c[nH]c2ccccc12
Molecule_78,Cn1c(=O)c2c(nc3n(Cc4ccc(F)cc4)c(O)c(Cc4ccccc4)c(=O)n23)n(C)c1=O
Molecule_79,CN1C(=O)CC[C@]2(C)C3CC[C@@]4(C)C(CC[C@@]4(O)C#CCCCBr)C3CCC12
Molecule_80,CC(Nc1nc2c(S(=O)(=O)c3ccccc3)nnn2c2ccsc12)C12CC3CC(CC(C3)C1)C2
Molecule_81,COc1ccc(COC2c3c(ncn3Cc3ccc(OC)cc3)N=CN(C)N2C)cc1
Molecule_82,N#C/N=C1\N(CCCCCCCOc2ccc(Cl)cc2)C(=O)CN1c1ccncc1
Molecule_83,CCCCN1C2CCC1CC(OC(c1ccc(F)cc1)c1ccc(F)cc1)C2
Molecule_84,COc1ccc(CCN2CCC(COC(c3ccccc3)c3ccccc3)CC2)cc1
Molecule_85,Oc1nc2ccc(Cc3ccc(F)cc3)cc2o1
Molecule_86,CN1CCc2cc(Cl)c(O)cc2C(c2ccccc2Br)C1
Molecule_87,CCc1cc(C#N)ccc1C/N=c1\c(O)c(O)\c1=N/[C@H](C)C(C)(C)C
Molecule_88,CCCc1ccc2nc(O)oc2c1
Molecule_89,CC[C@H](C)c1ccccc1OCCCCN(CC)CC
Molecule_90,COC(=O)N[C@@H](C(=O)N1CCC[C@H]1C(=O)NCC#Cc1c[nH]cn1)C(c1ccccc1)c1ccccc1
Molecule_91,Fc1cccc(Cl)c1Cn1nncc1CN1CCN(C(c2ccccc2)c2ccccc2)CC1
Molecule_92,CC(C)(C)C(=O)Oc1ccc(Cc2ccc(OC(=O)C(C)(C)C)cc2)cc1
Molecule_93,O=C1CS(=O)(=O)Nc2cc(OCc3ccc4ccccc4n3)ccc21
Molecule_94,CC1CCC(=NNc2ccccn2)c2ncc(C(=O)O)c(=O)n21
Molecule_95,O=c1[nH]c(=O)n(COC(CO)CO)cc1Cc1cccc(Oc2ccccc2)c1
Molecule_96,O=C(NC1CCCCC1)c1cccnc1NC1CCCCC1
Molecule_97,COc1cccc(NC(=O)/C=C/c2ccc(O)c(O)c2)c1
Molecule_98,COc1ccc2c(c1)c(CCN(C)C)cn2C(C)C
Molecule_99,CCn1cc(C(=O)O)c(=O)c2cc(F)c(N3CCNC(C)C3)c(F)c21
Molecule_100,CCn1cc(C(=O)O)c(=O)c2cc(F)c(N3CCNCC3)cc21
Molecule_101,C=CCOC(=O)C1=C(C)N=C(C)/C(=C(\O)OCC=C)C1c1ccc(OC)c(OC)c1
Molecule_102,C=CC[C@@](C)(CO)[C@@H](O)C(=O)NCCC(=O)NCCCCC
Molecule_103,CN1CCC(C2=Cc3cc(Cl)ccc3Cc3ccccc32)CC1
Molecule_104,Cc1ccccc1C(OCC(O)CN1C(C)CCCC1C)c1ccccc1
Molecule_105,CN(C)c1ncnc2c1ncn2Cc1cccc(C(F)(F)F)c1
Molecule_106,CN1C[C@H](C(=O)Nc2ccc(Cl)nn2)C[C@@H]2c3cccc4[nH]cc(c34)C[C@H]21
Molecule_107,CCCNCCCNCCCCNCCCNCCC
Molecule_108,O=C(CCc1ccccc1O)CC(O)Cc1ccccc1
Molecule_109,C=C1CCC[C@]2(C)c3ccc(C(C)C)cc3CC[C@@H]12
Molecule_110,CN1[C@@H]2CC[C@H]1C[C@H](N(c1ccccc1)c1ccc(C(=O)N3CCCC3)cc1)C2
Molecule_111,O=c1[nH]c(=O)n(COCCO)cc1Cc1cccc(Oc2ccc(F)cc2)c1
Molecule_112,NCC1CCN(c2nc3c(cc2F)c(=O)c(C(=O)O)cn3C2CC2)C1
Molecule_113,CC(C)C(c1cccc(NS(=O)(=O)c2cccnc2)c1)c1c(O)c2c(oc1=O)CCCCCC2
Molecule_114,COc1ccc(Cc2nc3ccccc3c3nc(N)nn23)cc1
Molecule_115,CCCCCCCCCCCC(=O)N1CC[C@H]2[C@H](C)[C@@H](O)CC[C@]2(C)C1
Molecule_116,CC(CCc1ccccc1)NCC(O)c1cc(C(N)=O)c2c(ccn2C)c1
Molecule_117,O=C(O)CCCCCCCNC(=O)c1cc(Br)ccc1O
Molecule_118,COc1ccc(Sc2ccc(CC3=NCCN3)cc2)cc1
Molecule_119,COc1ccc(Cc2cnc(N)nc2N)cc1
Molecule_120,CC(=O)SCC1CCCN(C(C(=O)O)c2ccccc2)C1=O
Molecule_121,C[C@H]1Cc2cc3c(C(F)(F)F)cc(O)nc3cc2N[C@@H]1C
Molecule_122,O=C1c2ccccc2C(=O)N1OCCCN1CCN(c2cccc(C(F)(F)F)c2)CC1
Molecule_123,O=C1OCC2=C1C(c1cc(Br)ccc1O)c1c(c3cccnc3c3ncccc13)N2
Molecule_124,CCNc1cccnc1N1CCN(C(=O)c2cccc3[nH]ccc23)CC1
Molecule_125,CC1CC/C(=N\Nc2cccc(C(=O)O)c2)c2nccc(=O)n21
Molecule_126,c1ccc2cc(CC3=NCCN3)ccc2c1
Molecule_127,COC(=O)[C@H]1[C@H]2C[C@H]3c4[nH]c5ccccc5c4CCN3C[C@H]2CC[C@@H]1O
Molecule_128,O=C(CCCOc1ccc2c(c1)CCC(=O)N2)NO
Molecule_129,CC(C)CC1=N/C(=C\c2ccc(F)cc2)C(=O)NC1=O
Molecule_130,O=c1oc2ccccc2c2cc(O)c(O)cc12
Molecule_131,Clc1ccc(NC23CC4CC(CC(C4)C2)C3)cn1
Molecule_132,O=C(O)Cc1ccc2c(c1)C(=O)Cc1cc(Cl)ccc1O2
Molecule_133,CCC/N=c1\c(O)c(O)\c1=N/c1cccnc1
Molecule_134,CC1(C)OC(/C=C/c2ccc(F)cc2F)=CC1=O
Molecule_135,Cc1nc(N(C)C(=O)c2ccc(C(=N)N)cc2)sc1CCC(=O)O
Molecule_136,C/C(=C\c1ccc(C(=O)O)cc1)c1ccc(C(C)C)c(C(C)C)c1
Molecule_137,NC(=S)NNC(c1ccc(O)cc1)n1cnnn1
Molecule_138,C=CCNC(=O)N[C@H]1CC[C@](CNC(=O)c2ccccc2OC)(c2ccccc2)CC1
Molecule_139,Cc1cccc(N2CCN(CCCON3C(=O)c4ccccc4C3=O)CC2)c1
Molecule_140,O=c1[nH]oc(=O)[nH]1
Molecule_141,Cc1ccc(C2=NN(CN3CCCCC3)C(=O)CC2)cc1
Molecule_142,CCCc1ccc(OCC(=O)NCCCNC(=O)C2=CC(C)(C)NC2(C)C)c(OC)c1
Molecule_143,Cc1ccc(NC(=O)Nc2ccccc2)c(C)c1
Molecule_144,CCN(CC)c1cccnc1N1CCN(C(=O)c2cc3ccccc3[nH]2)CC1
Molecule_145,C=CCNC(=O)C(Cc1ccccc1)NC(C)=O
Molecule_146,C[C@@]1(N2C(=O)c3c(F)c(F)c(F)c(F)c3C2=O)CCC(=O)NC1=O
Molecule_147,CCOc1cccc2c1CCC[C@H]2CN(C)CCc1ccc2c(c1)OCO2
Molecule_148,NC(=O)c1cccc(NC(=O)CCCCC(=O)Nc2cccc(C(N)=O)c2)c1
Molecule_149,CC(=O)N(C)C[C@H]1CC[C@H](Nc2nc(Nc3ccc(Cl)cc3)c3ccccc3n2)CC1
Molecule_150,Nc1ccn([C@@H]2O[C@H](COP(=O)(O)O)[C@H]3O[C@@H](Cc4ccccc4)O[C@H]32)c(=O)n1
Molecule_151,C[C@H](CS)C(=O)N1C[C@@H](Sc2ccccc2)C[C@H]1C(=O)O
Molecule_152,NCc1ccc2nc(N)nc(N)c2c1
Molecule_153,CCN(CC)S(=O)(=O)c1cc(S(=O)(=O)N(CC)CC)c2ccc(C)nc2c1O
Molecule_154,OCCn1c2ccccc2c2cncn21
Molecule_155,Cc1ccc(S(=O)(=O)Oc2ccc(Cn3ccnc3)cc2)cc1
Molecule_156,CN1CCN(NC(=O)N2c3ccccc3C(=O)Nc3cccnc32)CC1
Molecule_157,CCCC(=O)Nc1ccc(N(C)c2cccc3c2CCO3)cc1
Molecule_158,O=C(c1ccccc1)C(O)(Cn1ccnc1)c1ccc(Cl)cc1Cl
Molecule_159,CCOc1ccc(NC(C)=O)cc1
Molecule_160,NS(=O)(=O)c1ccccc1NSC(=S)N1CCOCC1
Molecule_161,COC(=O)[C@@H](NC(=O)CSC1=C(OC)C(=O)c2ccccc2C1=O)C(C)C
Molecule_162,c1ccc2nc(CCCCN3CCc4c([nH]c5ccccc45)C3)ccc2c1
Molecule_163,c1coc(C2CN3CCC2CC3)c1
Molecule_164,Cc1cc([C@@H]2C[C@@H](C)CN2C)on1
Molecule_165,CC(C)=CC[C@@H](OC(=O)C(c1ccccc1)c1ccccc1)C1=CC(=O)c2c(O)ccc(O)c2C1=O
Molecule_166,CC[C@@H](c1ccc(O)cc1)[C@H](Cn1cc(C(=O)O)c(=O)[nH]1)c1ccc(O)cc1
Molecule_167,O=C(/C=C/c1ccccc1)c1cc2ccccc2s1
Molecule_168,C/C=C(\NC(=O)C1C(C)C1(C)C)C(=O)O
Molecule_169,C#CC(C)(O)CC
Molecule_170,CC(=O)Nc1ccc(N(CCCl)CCCl)cc1
Molecule_171,Cc1cccc(C(=O)NCCCCCCCC(=O)O)c1O
Molecule_172,CCCCCCCCCCCC(=O)Nc1cc(C(C)(C)C)cc(C(C)(C)C)c1O
Molecule_173,CCO/N=C1\C[C@@H]2[C@H](CC[C@]3(C)C(=O)CC[C@@H]23)[C@@]2(C)CC/C(=N\OCCN)C[C@H]12
Molecule_174,O=C1CCCCCCC1
Molecule_175,O=C1c2ccc(Br)cc2C(=O)N1c1ccc(O)cc1
Molecule_176,C[C@@]1(N2C(=O)c3cccc(N)c3C2=O)CCC(=O)NC1=O
Molecule_177,CN1CCC2(CC1)OC(=S)N(C(C)(C)C)C2=O
Molecule_178,O=Cc1cnc2ccccc2c1
Molecule_179,CCn1cc(C(=O)O)c(=O)c2cc(F)c(N3CC(C)NC(C)C3)c(F)c21
Molecule_180,O=C1C[C@H]2O/C(=C\CO)[C@H](CO)N12
Molecule_181,Nc1nc(N)c2nc(CCSc3ccc(C(=O)NC(CCC(=O)O)C(=O)O)cc3)cnc2n1
Molecule_182,O=C1C2C=Nc3ccccc3C2=NN1c1ccc(Cl)cc1
Molecule_183,CCC(=O)c1ccc2c(c1)sc(=O)n2CCN1CCOCC1
Molecule_184,C#Cc1ccc(C(=O)c2ccc3n2CCC3C(=O)O)cc1
Molecule_185,O=C(O)CCCCCCCCCCCNC(=O)C/C=C/c1ccccc1
Molecule_186,Fc1ccc(CNC2CCCn3nc(COc4ccccc4)cc32)cc1
Molecule_187,N=C(N)c1ccc(CNC(=O)C2CCC=C2C(=O)NCc2ccccc2)cc1
Molecule_188,CCCc1c(OCCCOc2cccc(NC(=O)CCC(=O)OCC)c2C#N)ccc(C(C)=O)c1O
Molecule_189,CC12CCC(C1)C(C)(C)C2OC(=O)[C@H](NC(=O)[C@@H](N)CC(=O)O)c1ccc(O)cc1
Molecule_190,CCCCn1c(C)c(C(=O)NCCC(=O)O)s/c1=N\C(=O)c1ccc(C(=N)N)cc1
Molecule_191,Brc1ccc(C2CC(c3ccccc3)=NN2c2ccccc2)cc1
Molecule_192,COc1cccc(S(=O)(=O)Nc2cccn(CC(=O)NCc3nc(C(=N)N)cs3)c2=O)c1
Molecule_193,NS(=O)(=O)c1cccc(NSC(=S)N2CCOCC2)c1
Molecule_194,C1=Cc2c([nH]c3ccccc23)CN1
Molecule_195,C[C@@H](O)[C@H]1C(=O)N2C(C(=O)O)=C(S[C@@H]3CN[C@H](COc4ccc(CN)cc4)C3)[C@H](C)[C@H]12
Molecule_196,CN(C)CCn1c(=O)oc2cc(C(=O)c3ccccc3)ccc21
Molecule_197,CO[C@@H]1O[C@H](CO)[C@H](O)[C@@H](Nc2cccc(C)c2)[C@H]1O
Molecule_198,Cc1cc(Br)cc(C)c1C/N=c1\c(O)c(O)\c1=N/C(C)(C)C
Molecule_199,C#CCN(Cc1ccc2nc(C)nc(O)c2c1)c1ccc(C(=O)NCc2ccccn2)cc1
Molecule_200,O=c1cc(CN2CCNCC2)nc2ccccn12
Molecule_201,Nc1nc(N)c2nc(CN3CCSc4cc(C(=O)NC(CCC(=O)O)C(=O)O)ccc43)cnc2n1
Molecule_202,Nn1c(SCCCN2CCN(c3ncccn3)CC2)nc2sccc2c1=O
Molecule_203,CCCc1cc(=O)oc2c3c(c4c(c12)OC(C)(C)C=C4)OC(C)(C)[C@H](C)C3=O
Molecule_204,CCCCCN(CCCCC)C(=O)[C@@H](CCC(=O)O)NC(=O)c1ccc(Cl)c(Cl)c1
Molecule_205,CCOC(=O)c1cc(NC(=O)c2cccs2)ccc1OCC(O)CNC(C)(C)C
Molecule_206,Oc1ccccc1C1OCCc2ccccc21
Molecule_207,CC1C(=O)N(CCCCCOc2ccc(Cl)cc2)/C(=N\C#N)N1c1ccncc1
Molecule_208,CCCCC/C=C/C/C=C\C/C=C\C/C=C\CCCC(=O)O
Molecule_209,O=C(c1ccc(Cl)cc1Cl)C(O)(Cn1cncn1)c1ccc(Cl)cc1
Molecule_210,CC/N=C(\NC#N)NCCSCn1nc(C)ccc1=O
Molecule_211,COc1oc(=O)c2cc(NC(C)=O)ccc2c1Cl
Molecule_212,CCCCCCCN(C=O)[C@H]1CCC2C3CC[C@H]4N(C)C(=O)CC[C@]4(C)C3CC[C@@]21C
Molecule_213,O=C(O)c1cc(/N=N/c2ccc(O)c(C(=O)O)c2)ccc1O
Molecule_214,CCN(CC)C(=O)[C@@H]1C=C2c3cccc4[nH]cc(c34)C[C@H]2N(C(=O)Nc2cccc(C)c2)C1
Molecule_215,CC(C)c1ccc(C(c2ccc3c(c2)OCO3)c2ccc(C(C)C)cc(=O)c2O)c(O)c(=O)c1
Molecule_216,O=C(O)CCCCCCCNC(=O)C/C=C/c1ccccc1
Molecule_217,CN(C)c1ncnc2c1ncn2Cc1ccccc1
Molecule_218,CCCN(CCC)C(=O)CN1C[C@@H](c2ccc3c(c2)OCO3)[C@H](C(=O)O)[C@H]1c1ccc(OC)cc1
Molecule_219,CC(=O)c1cc(NC(=O)c2cccs2)ccc1OCC(O)CNC(C)(C)C
Molecule_220,Cn1cc(C(=O)CCCCCCc2ccccc2)cc1/C=C/C(=O)NO
Molecule_221,CN(CCOc1ccc(CC(N)=O)cc1)CCc1ccc(NS(C)(=O)=O)cc1
Molecule_222,CC1(C)C=C(C(=O)NCCCNC(=O)Cc2ccc(O)cc2)C(C)(C)N1
Molecule_223,O=C(NCC=C(c1ccccc1)c1ccccc1)c1ccc(Cl)c(Cl)c1
Molecule_224,Nc1cc2[nH]c(=O)[nH]c(=O)c2s1
Molecule_225,O=C1NC(=S)S/C1=C\CC1Oc2ccccc2N(Cc2ccc(Cl)cc2)C1=O
Molecule_226,COC(=O)C(C)(C)CCCOc1ccc(OCCCC(C)(C)C(=O)OC)cc1
Molecule_227,COc1ccc(OC)c(C(O)C(C)N)c1
Molecule_228,CC(=O)NC(C(=O)N1CCSCC1)[C@H]1CC(C(=O)O)C[C@@H]1N=C(N)N
Molecule_229,COc1ccc(C(=O)c2c(C)n(CCN)c3ccccc23)cc1
Molecule_230,COc1cccc2c1CCC[C@H]2CN(C)CCc1ccc2ncoc2c1
Molecule_231,Cc1onc(O)c1C[C@@H](N)C(=O)O
Molecule_232,COc1cc(/C=C/C(=O)c2cc(OC)c(OC)c(OC)c2)cc(OC)c1OC
Molecule_233,O=C1NC(=O)C(c2cc(Cl)ccc2S(=O)(=O)NCCCc2ccccc2)N1
Molecule_234,CCCc1cc2c(c(Br)c1O)CCO2
Molecule_235,ONCC12CC3CC(CC(C3)C1)C2
Molecule_236,CC/C(=C(\c1ccccc1)c1cccc(OC(C)=O)c1)c1ccccc1
Molecule_237,O=C(C[C@@H](Cc1cccc(O)c1)C(=O)N[C@H]1c2ccccc2C[C@H]1O)NO
Molecule_238,COc1cc(C(C)=O)ccc1OCCCN1CCC(C(O)(c2ccccc2)c2ccc(F)cc2)CC1
Molecule_239,O=C(CCl)NCCCl
Molecule_240,Cc1ccc(C)n1Nc1ccc(N2CCC(O)CC2)nn1
Molecule_241,CCOC(=O)/C(C#N)=C\Nc1cccc(C(=O)OCC)c1
Molecule_242,NCC(Cc1ccccc1)c1c[nH]cn1
Molecule_243,CCCc1cc(Cn2c(CC)nc3c(C)cc(C)nc32)ccc1OC(C(=O)O)c1ccccc1
Molecule_244,CCCC1=C(C(=O)OCC)C(c2cccc(C)c2)NC(=O)N1
Molecule_245,O=C(/C=C/c1ccc(Br)cc1)c1ccc(O)cc1
Molecule_246,CC[C@H](COc1nc(N)c2ncn(C3O[C@H](CO)[C@@H](O)[C@H]3O)c2n1)c1ccccc1
Molecule_247,O=C(O)C1CC2CC(CCc3nnn[nH]3)CCC2CN1
Molecule_248,Cc1nonc1S(N)(=O)=O
Molecule_249,CCN1CCCC(c2cccc(O)c2)C1
Molecule_250,O=C1C(NCc2ccc3c(c2)OCO3)=CC2=NCCc3c[nH]c1c32
Molecule_251,N#CCCCOc1ccc(OCc2cccc(Cl)c2)cc1
Molecule_252,COc1ccc(/C=N/NC(=O)Nc2cccc3ccccc23)cc1
Molecule_253,CC(C)Oc1ccc(C(=O)c2ccc3n2CCC3C(=O)O)cc1
Molecule_254,O=C(CSCCN1C(=O)CCC1=O)Nc1ccccc1
Molecule_255,Cc1ccc(Sc2cncc3sc(C(=O)NCCCN4CCOCC4)cc23)cc1
Molecule_256,CCCN(C)/N=N/c1ccc(C(=O)O)cc1
Molecule_257,CCCCOCCn1c(N2CCCN(C)CC2)nc2ccccc21
Molecule_258,O=C(O)CCC/C=C\C[C@H]1[C@@H]2CCC(C2)[C@@H]1NS(=O)(=O)c1cccc2ccccc12
Molecule_259,Nc1nc(N)c(CCCCc2csc(C(=O)N[C@@H](CCC(=O)O)C(=O)O)c2)c(O)n1
Molecule_260,CC(=N)N1CC[C@H](Oc2ccc([C@@H](Cc3ccc4ccc(C(=N)N)cc4c3)C(=O)O)cc2)C1
Molecule_261,Nc1nc(N)c2c(CSc3cccc4ccccc34)c[nH]c2n1
Molecule_262,CC/C(=C(\Cc1ccccc1)c1ccccc1)c1ccc(OCN2CCCCC2)cc1
Molecule_263,OCCN(CCO)CC(O)(c1ccccc1)c1ccccc1
Molecule_264,C[C@@H]1[C@@H](NC(=O)[C@@H](C)N)CN1c1nc2c(cc1F)c(=O)c(C(=O)O)cn2C1CC1
Molecule_265,OCC1NCC(O)C(O)C1O
Molecule_266,CCCCCCCCC(=O)O[C@H](CC=C(C)C)C1=CC(=O)c2c(O)ccc(O)c2C1=O
Molecule_267,COc1ccc(C(=O)N2N=C(c3cc(Br)ccc3O)C[C@H]2c2ccc(C)cc2)cc1
Molecule_268,NCc1cc(Cl)cc(Cl)c1
Molecule_269,COC(=O)c1c(O)cc(O)c(Cl)c1CCC(=O)N(O)c1ccccc1
Molecule_270,CCCCCCC/N=c1\c(O)c(O)\c1=N/c1ccc(C#N)cc1
Molecule_271,CC1CC/C(=N\Nc2ccccc2C(F)(F)F)c2ncc(C(=O)O)c(=O)n21
Molecule_272,O=C(NCCSCc1ccccc1Cl)c1ccccc1Cl
Molecule_273,Cc1cn([C@H]2CO[C@@H](COC(=O)[C@H](N)C(C)C)O2)c(=O)[nH]c1=O
Molecule_274,CC1CN(c2cc3c(cc2F)c(=O)c(C(=O)O)cn3C2CCC2)CC(C)N1
Molecule_275,CC#CCOc1ccc(S(=O)(=O)N(C)c2c(C)cccc2C(=O)NO)cc1
Molecule_276,CC1(C)OC(/C=C/c2ccoc2)=CC1=O
Molecule_277,COc1nc(Br)cnc1NS(=O)(=O)c1cccc2ccccc12
Molecule_278,NCCN(C(=O)c1cc(Cl)cc(Cl)c1)c1ccc(Cl)cc1
Molecule_279,O=C1Nc2ccc(Cl)cc2C(OCC(F)(F)C(F)(F)F)(C(F)(F)F)O1
Molecule_280,CCCCCC(O)c1cccc(OCc2cccc(C(=O)OC)n2)c1
Molecule_281,Cn1cnc(S(=O)(=O)Nc2cccc(C(c3c(O)c4c(oc3=O)CCCCCC4)C3CC3)c2)c1
Molecule_282,CNC1CC2CCC1(C)C2(C)C
Molecule_283,O=C1NC(=O)C(CC#Cc2ccc(Cl)cc2)(S(=O)(=O)c2ccc(F)cc2)S1
Molecule_284,O=C(CCC(c1ccccc1)c1ccccc1)NCCc1c[nH]cn1
Molecule_285,Nc1ccn(C2OC(CO)C(O)C2O)c(=O)n1
Molecule_286,CCOC(=O)c1cc(NC(=O)c2cccs2)ccc1OCC(O)CNC(C)C
Molecule_287,Cc1ccc(OCC(O)CNC(C)C)c(/C=C\CO)c1
Molecule_288,Cc1ccccc1N(CC(=O)O)C(=O)C1=C(C(=O)NCc2ccc(C(=N)N)cc2)CCC1
Molecule_289,Cc1ccc2c(c1)C=Cc1cc(C(C)C(=O)O)ccc1S2
Molecule_290,CC[C@@H]1C[C@@H](O)C[C@H]2c3cc(OCc4ccccc4)c(OCc4ccccc4)cc3CCN12
Molecule_291,CN(C)c1ccc(Cc2cnc(N)nc2N)cc1
Molecule_292,O=C(NCCNCC(O)c1ccccc1)C(F)(F)F
Molecule_293,CC(C)(N)CNC(=O)C[C@@H]1CCC[C@]2(C1)OOC1(O2)C2CC3CC(C2)CC1C3
Molecule_294,CC(CNC(=O)Cc1ccccc1Cl)NCC(O)c1ccccc1
Molecule_295,CCC[C@@H]1Cc2cc(C)n(CC(=O)NCc3ccc(N)nc3C)c(=O)c2NC1=O
Molecule_296,Nc1nc(O)c2ncn([C@H]3C[C@@H]4C[C@@](CC(=O)O)(C(=O)O)C[C@@H]4C3)c2n1
Molecule_297,CCN(C)c1cccc2c(S(=O)(=O)Nc3ncc(Br)nc3OC)cccc12
Molecule_298,CCCc1cc(=O)oc2c3c(c4c(c12)OC(C)(C)C=C4)O[C@H](C)[C@@H](C)[C@H]3O
Molecule_299,O=c1[nH]c(=O)n(C2CC(O)C(CO)O2)cc1F
Molecule_300,CC(C)Nc1ncnc2c1ncn2Cc1ccccc1F
Molecule_301,CN(C)c1ncnc2c1ncn2Cc1ccc(C#N)cc1
Molecule_302,CCCCCC(O)/C=C/CCC1CCCc2c(OCC(=O)O)cccc21
Molecule_303,CCN1CCCC1CNC(=O)c1cc(Cl)c(NC(=O)COc2ccc(Cl)cc2)cc1OC
Molecule_304,CCCCNCC(=O)Nc1cccc2c1CN(C)CC2c1ccc(C)cc1
Molecule_305,O=C(NCCCCn1ccnc1)c1cc2cc(Cl)ccc2[nH]1
Molecule_306,O=C1NC(=O)C(CC#Cc2ccc(F)cc2)(S(=O)(=O)c2ccc(F)cc2)S1
Molecule_307,CC(=O)Nc1ccc(/C=C/c2ccc(F)cc2)cc1
Molecule_308,C[C@H](Cn1cnc2c(N)ncnc21)OCP(=O)(Oc1ccccc1)Oc1ccccc1
Molecule_309,CN1C[C@H](Nc2nc3cc[nH]c3c(=O)n2C)C[C@H](c2ccc(Oc3ccccc3)cc2)C1
Molecule_310,COc1ccc2c(c1)OC(c1ccccc1)CC2=O
Molecule_311,O=c1[nH]c(=O)n([C@@H]2O[C@H](COP(=O)(O)OP(=O)(O)O)[C@@H](O)[C@H]2O)cc1F
Molecule_312,COc1cc2nc(N3CCN(C(=O)/C=C/c4cccc(F)c4)CC3)nc(N)c2cc1OC
Molecule_313,N=C(N)NCCC[C@H](NC(=O)[C@@H]1C=CCN1C(=O)[C@@H](N)CCN)C(=O)O
Molecule_314,CN1C(=O)c2ccc(Cl)cc2C2(CC(=O)NC2=O)C1=O
Molecule_315,CCCC[C@H](NC(=O)OC(C(C)C)C(C)C)C(=O)C(=O)Nc1cc(C)[nH]n1
Molecule_316,Oc1cccc2c1C[C@H]1CCN(CC3CC3)[C@@H]1C2
Molecule_317,COC(=O)c1c(O)cc(O)c(Cl)c1CCC(=O)Nc1cncnc1
Molecule_318,CCN(CC)CCCNc1nccc2c(C)c3[nH]c4ccc(OCc5ccccc5)cc4c3cc12
Molecule_319,COc1cccc2c1CCC[C@H]2CN(C)CCc1ccc2c(c1)CS(=O)(=O)C2
Molecule_320,C=CCC1(CC(C)C)C(=O)NC(=O)NC1=O
Molecule_321,Cc1cc2c(cc1Cl)N(C(=O)Nc1ccc(Oc3cccnc3C)nc1)CC2
Molecule_322,COc1cc(C(C)=O)ccc1OCCCN1CCC(C(=O)c2ccccc2)CC1
Molecule_323,Cc1ccc(Cl)c(Cl)c1NC1=NCCN1
Molecule_324,C[C@@H](O)[C@H]1C(=O)N2C(C(=O)O)=C(S[C@@H]3CN[C@@H](c4ccc(CN=C(N)N)cc4)C3)[C@H](C)[C@H]12
Molecule_325,COc1cc2c(/C=C3/C(=O)N(C)c4ccc(O)cc43)c[nH]c2cc1C
Molecule_326,C=C1C(=O)O[C@@H]2C[C@H](C)C(CCC(C)=O)=C[C@H](OC(C)=O)[C@H]12
Molecule_327,COc1ccc(NC(=O)N2N=C(C)N(C(=O)Nc3ccc(OC)cc3)N=C2C)cc1
Molecule_328,COc1ccc2sc3c(c2c1)NC[C@@H](CN1CCOCC1)NC3=O
Molecule_329,C/N=C(\NC#N)NCCSCc1c[nH]c2ccccc12
Molecule_330,CNCCc1ccc(O)c2nc(O)sc12
Molecule_331,CCC(=O)OC1CCn2c1nc1c2C(=O)C(C)=C(NC(C)=O)C1=N
Molecule_332,CC(C)(C)C(=O)/N=C1/NC(=O)[C@]2(O[C@H](CO)[C@@H](O)[C@H](O)[C@H]2O)S1
Molecule_333,CCCCC/C=C(/c1ccc(O)cc1)c1ccc(OCCN(CC)CC)cc1
Molecule_334,CC1(C)CCc2cc3c(C(F)(F)F)cc(=O)oc3cc2N1
Molecule_335,CCOP(=O)(OCC)C(CCC(O)c1ccccc1)P(=O)(OCC)OCC
Molecule_336,CC1(C)C(=O)N(c2ccc(C#N)c(C(F)(F)F)c2)C(=O)N1CCCF
Molecule_337,COc1ccc(OC)c(C(=O)/C(C)=C/c2ccc(N(C)C)cc2)c1
Molecule_338,CN1C(=O)S/C(=C\c2cc(Oc3cccc(O)c3N)c(O)cc2Br)C1=O
Molecule_339,O=c1oc2c(O)c(O)ccc2c2ccccc12
Molecule_340,CN1CCCN(C)C1=O
Molecule_341,NC1CCOC2(CCCC2)C1
Molecule_342,COc1cc(OC)c(/C=C2\SC(=O)N(C)C2=O)cc1Br
Molecule_343,O=C(/C=C/c1cccc(Cl)c1)c1ccc(O)cc1
Molecule_344,CN(c1ncnc2c1ncn2Cc1ccccc1)C1CCCC1
Molecule_345,CC(=O)OCC1=C(C(=O)OC(C)(C)C)N2C(=O)[C@@H](Nc3nc4cc(N)ccc4[nH]3)C2SC1
Molecule_346,CCCc1ccc(CC[C@H](C[C@H](C)C(=O)O)C(=O)N[C@@H](CC(C)C)C(=O)Nc2ccccc2)cc1
Molecule_347,Cc1cccc(S(=O)(=O)C2(CC#Cc3ccccc3)SC(=O)NC2=O)c1
Molecule_348,O=C(Cc1ccccc1)c1cc2cc(CCl)ccc2oc1=O
Molecule_349,CN1CCC(c2ccc3[nH]c(=O)oc3c2)CC1
Molecule_350,COc1cccc2c1CCC[C@H]2CN(C)CCc1ccc2c(c1)OCO2
Molecule_351,COC(=O)C(C)(C)CCCOc1ccc(OCCCC(C)(C)C(=O)OC)c(C=O)c1
Molecule_352,COC(=O)C1=CCCN(C)C1
Molecule_353,O=C(O)CCCCCC(=O)N1CCC2(CCN(c3ccncc3)CC2)C1
Molecule_354,COC(=O)C1=C(C)N(c2ccccc2)C=CC1c1ccccc1
Molecule_355,C(#CCCC1CCCCC1)CCc1c[nH]cn1
Molecule_356,CC(C)(C)c1cc(/C=C/c2ccc(Cl)s2)cc(C(C)(C)C)c1O
Molecule_357,COc1cc2nc(N3CCN(C(=O)C4COc5ccccc5O4)CC3)cc(N)c2cc1OC
Molecule_358,CCC(CCO)NS(=O)(=O)c1cccc2ncccc12
Molecule_359,C[C@]1(N2C(=O)c3c(F)c(F)c(F)c(F)c3C2=O)CCC(=O)NC1=O
Molecule_360,CC(C)=CCC/C(C)=C/CC/C(C)=C/CC/C=C(\C)CC/C=C(\C)CCCN(C)O
Molecule_361,CC(C)NCC(O)C(C)Oc1ccc(Cl)c(Cl)c1
Molecule_362,O=C1OC(=O)C2C3CCC(O3)C12
Molecule_363,NS(=O)(=O)c1nonc1OCc1ccccc1
Molecule_364,Cc1noc(C2=CCCNC2)n1
Molecule_365,O=C(c1ccc(Cl)cc1)C(O)(Cn1cncn1)C1CCCC1
Molecule_366,CC(C)C(=O)Oc1ccc(C(=O)c2ccccc2)cc1
Molecule_367,COc1cc(NC(C)CCCN)c2nccc(C)c2c1OCCCCCCCCOc1ccccc1
Molecule_368,O=C(O)C(=O)/C=C(\O)c1ccc(C2CCCCC2)cc1
Molecule_369,CC(CO)[C@H](N)C(=O)O
Molecule_370,COc1ccc2[nH]c(C)c(CCN(C)C)c2c1
Molecule_371,CCCCCCCCCCCCCCCCCC(=O)OCc1cc(=O)c(OC(=O)C(C)C)co1
Molecule_372,CC1CN(Cc2ccccc2)C(=O)C1=O
Molecule_373,CCCN(CC)CC(C(=O)Nc1ccc(OC)cc1C)N(CC)CCC
Molecule_374,CCC(=O)Nc1ccc(NC(=O)CN2CCN(C)CC2)c(C(=O)c2ccccc2)c1
Molecule_375,CCC1CCN=C(N)C1
Molecule_376,COc1ccc(/N=N/C(=O)N[C@@H](CCCN=C(N)N)C(=O)O)cc1
Molecule_377,CCc1cccc(C2=NCCN2)c1
Molecule_378,CN(O)C(=O)/C=C/c1ccc2c(c1)Nc1ccccc1O2
Molecule_379,CN1CCN(C(=O)CC[C@H](Cc2ccccc2)Nc2ccnc3cc(Cl)ccc23)CC1
Molecule_380,N#Cc1ccc(Nc2c(NC3CCCCCC3)c(=O)c2=O)cc1
Molecule_381,C[C@H](CS)C(=O)N1C[C@@H](Oc2ccc3ccccc3c2)C[C@H]1C(=O)O
Molecule_382,NS(=O)(=O)c1cccc2ccccc12
Molecule_383,COc1cc(NC(C)CCCN)c2ncccc2c1Oc1ccc(OC(F)(F)F)cc1
Molecule_384,CC(C)=CCOC1(C(F)(F)F)OC(=O)Nc2ccc(Cl)cc21
Molecule_385,Cc1c(S(=O)(=O)N[C@H]2CCN(CCNc3ccncc3)C2=O)sc2cc(Cl)ccc12
Molecule_386,CCCCCN(C)/N=N/c1ccc(C(=O)O)cc1
Molecule_387,O=C(Nc1cccc(C(F)(F)F)c1)O/N=C(\C1CCCCC1)C(Cn1ccnc1)C1CCCCC1
Molecule_388,Nc1nc(N)c(CCCCc2ccc(C(=O)N[C@@H](CCC(=O)O)C(=O)O)cc2)c(=O)[nH]1
Molecule_389,CC(C)=CCC/C(C)=C/C=C/C(=O)N1CCCC1
Molecule_390,Cc1cc2c(s1)CN(C)CC2c1ccc(O)cc1
Molecule_391,O=C(O)CNC(=O)C(Cc1ccccc1)C(=O)O
Molecule_392,CC1C(N)CN1c1cc2c(cc1F)c(=O)c(C(=O)O)cn2C1CC1
Molecule_393,N#CN/C(=N\C(Cn1ccnc1)c1ccc(Cl)cc1Cl)Nc1ccccc1Cl
Molecule_394,NCc1ccc(F)cc1
Molecule_395,Nc1nccc(Nc2cccc(Cl)c2)n1
Molecule_396,Brc1cccc(Br)c1N(CC1CC1)C1=NCCN1
Molecule_397,O=C1NC(=O)C(CC#Cc2ccc(C(F)(F)F)cc2)(S(=O)(=O)c2ccc(F)cc2)S1
Molecule_398,CC(C)CC(O)CN
Molecule_399,CC(=O)Nc1ccn(COCCO)c(=O)n1
Molecule_400,CCc1nnc2c(NCC(C)O)nc3ccccc3n12
Molecule_401,Nc1nc(O)c2cc(CNc3ccc(C(=O)NC(CCC(=O)O)C(=O)O)cc3)cnc2n1
Molecule_402,CCCCc1nc2ccccc2n1Cc1ccc(OC(C(=O)O)c2ccccc2)cc1
Molecule_403,CN1C[C@@H](C(=O)c2ccc(Cl)cc2)[C@H](c2ccccc2F)C1
Molecule_404,NC(CCCSc1cc(Cl)ccc1O)C(=O)O
Molecule_405,O=C(O)c1cn2c(cc(Cl)c3ccc(Br)cc32)n1
Molecule_406,COc1ccc(C2(O)OC(=O)C(c3cc(OC)c4c(c3)OCO4)=C2Cc2ccccc2)cc1
Molecule_407,C[C@]1(c2ccc(C(=N)N)cc2)NC(=O)N(CC(=O)N[C@@H](CC(=O)O)c2ccccc2)C1=O
Molecule_408,Nc1nc(O)c2cc(S(=O)(=O)c3ccc(Cl)c(Cl)c3)ccc2n1
Molecule_409,Oc1ncncc1Oc1ccccc1
Molecule_410,CC/N=C/C1=Cc2c(cc3c(c2OC)OCO3)C(c2cc(OC)c(OC)c(OC)c2)[C@@H]1C(=O)OC
Molecule_411,COc1ccc2cc(C(C)C(=O)O)ccc2c1
Molecule_412,O=C(O)C(=O)CC(=O)c1ccc(Cc2ccc(Cl)c(Cl)c2)cc1
Molecule_413,O=C(NN1CCC=CC1=O)c1ccccc1
Molecule_414,CC(C)=CCC/C(C)=C/CCC(C)N1CC[C@H]2[C@H](C)[C@@H](O)CC[C@]2(C)C1
Molecule_415,C[C@H]1CN(CCC(=O)N[C@@H](CCc2ccccc2)C(=O)O)CC[C@@]1(C)c1cccc(O)c1
Molecule_416,c1ccc2c(c1)CC1NC2c2ccccc21
Molecule_417,C#CCN(C)/N=N/c1ccc(C(=O)O)cc1
Molecule_418,C[C@H](N)[C@@H](C)c1c[nH]cn1
Molecule_419,CC(C)S(=O)(=O)c1c(O)n(Cc2ccccc2)c(=O)c2ccccc12
Molecule_420,Cc1ccc(S(=O)(=O)N[C@H]2CC[C@H](O)[C@@H]2C/C=C\CCCC(=O)O)cc1
Molecule_421,Nc1ncnc2c1ncn2[C@@H]1O[C@H](CO)[C@@H](O)[C@H]1S
Molecule_422,CC[C@]1(CO)CC2C3Cc4ccc(OC)c5c4C2(CCN3C)C(O5)[C@@H]1O
Molecule_423,CN(C)c1ccc(NC(=O)OCCCc2c[nH]cn2)cc1
Molecule_424,Nc1ccc2c(c1)Oc1ncccc1C(=O)N2
Molecule_425,Cc1cc(CC(=O)O)n(C)c1C(=O)c1ccc(Cl)cc1
Molecule_426,CCCc1ccc(CC(C)(Oc2ccc(C(C)C)cc2)C(=O)O)cc1
Molecule_427,CCCCCC(O)(Cn1cncn1)C(=O)c1ccc(Cl)cc1
Molecule_428,O=C(O)[C@H]1CNC[C@@H](O)C1
Molecule_429,C[C@@H]1[C@@H](N)CN1c1cc2c(cc1F)c(=O)c(C(=O)O)cn2C1CC1
Molecule_430,COc1ccc(Cc2oc3cccc(O)c3c2C)cc1
Molecule_431,CC1(C)CC1C(=O)N/C(=C\CCCCCBr)C(=O)O
Molecule_432,COc1ccc(NS(=O)(=O)c2cccc3c(N(C)C)cccc23)nn1
Molecule_433,Cc1nc(NC(=O)c2cnn(C)c2)sc1Cc1ccccc1Cl
Molecule_434,COC(=O)[C@@H](NC(=O)CSC1=CC(=O)c2cccc(OC)c2C1=O)C(C)C
Molecule_435,C=C1CC2(OC1=O)C(C)CCCC2C
Molecule_436,CSc1nc(O)c2c(C(N)=O)[nH]nc2n1
Molecule_437,COc1cc(CNCCCNc2nc3ncccc3[nH]2)c2[nH]cc(Br)c2c1
Molecule_438,CCN1CCC[C@@H]2c3cccn4cc(C)c(c34)C[C@H]21
Molecule_439,CCOP(=O)(O)CC(OCn1cc(C)c(=O)[nH]c1=O)C(C)O
Molecule_440,CC(C)CN1C2=NCCN2C(=O)c2[nH]nnc21
Molecule_441,O=S(=O)(/C=C/S(=O)(=O)c1ccccc1)CC1=NCCO1
Molecule_442,Cc1cnc2nc(N)nc(O)c2n1
Molecule_443,CS(=O)(=O)c1cc2nc(C(=O)O)cn2c2ccccc12
Molecule_444,CCCCCCCCCOc1c(OC)cc(NC(C)CCCN)c2nccc(C)c12
Molecule_445,O=C1NC(=O)C(Cc2ccc3c(c2)CC[C@H](Cc2ccccc2)O3)S1
Molecule_446,O=C(COCc1ccccc1)NC1CCOC1=O
Molecule_447,COc1ccc2c3c1OC1[C@H]4OC[C@@]4(CCCCc4ccccc4)CC4C(C2)N(CC2CC2)CCC341
Molecule_448,CCCc1[nH]c2ccc(OC)cc2c1CCN(C)C
Molecule_449,Cc1c2ccnc(NCCCN)c2cc2c1[nH]c1ccc(OCc3ccccc3)cc12
Molecule_450,CC(=O)/C=C/CC1C(=O)N2[C@@H](C(=O)O)C(C)(C)S(=O)(=O)[C@H]12
Molecule_451,C=C1CC(C)(C)OC1=O
Molecule_452,Clc1ccccc1
Molecule_453,C=C(c1ccccc1OCC(O)CNC(C)C)n1ccc(=O)cc1
Molecule_454,CCCc1nc2c(OC)cccc2c2nc(N)nn12
Molecule_455,COc1ccc(Sc2ccccc2NC2=NCCN2)cc1
Molecule_456,CCOc1ccc(Cc2nc3cc(C(=O)OC)ccc3n2CCC(C)C)cc1
Molecule_457,Oc1ccc2ncnc(Nc3ccc(OCc4ccccc4)cc3)c2c1
Molecule_458,N#Cc1cccnc1N1CCN(C(=O)c2cc3ccccc3[nH]2)CC1
Molecule_459,CCCCC(=O)c1cc(C(C)(C)C)c2c(c1)C(C)(C)CCN2C
Molecule_460,CC(C)C(=O)c1c(O)cc(O)cc1O
Molecule_461,CCCCS(=O)(=O)On1c(=O)[nH]c2ccncc2c1=O
Molecule_462,CC(=O)NC(CC(C)C)C(=O)N[C@@H](Cc1ccccc1)/C(O)=C(\C#N)c1ccncc1
Molecule_463,O=C1c2[nH]cnc2N(Cc2ccc(Cl)cc2)C2=NCCN12
Molecule_464,COC(=O)Nc1nc2cc(C(=O)Nc3cccc(C)n3)ccc2[nH]1
Molecule_465,CC(=O)Nc1cc(C(C)=O)ccc1OCCCN1CCC(c2noc3cc(F)ccc23)CC1
Molecule_466,O=C1c2[nH]cnc2N(CCc2ccc(Cl)cc2)C2=NCCN12
Molecule_467,CCCCC/C=C\C/C=C\C/C=C\C/C=C\CCCC(=O)N(CC)CC
Molecule_468,CCCc1c(O)n(Cc2ccccc2)c2nc3c(n2c1=O)C(=O)N(C)CN3C
Molecule_469,CCCOCn1c(N2CCN(C)CC2)nc2ccccc21
Molecule_470,CCOC(=O)C1(CCCc2ccc(C(C)(C)C)cc2)CO1
Molecule_471,CCN(CC)CCCC(C)Nc1c2ccc(Cl)cc2nc2ccc(OC)cc12
Molecule_472,C=C(c1cc(C)cc(C)c1OCC(O)CNC(C)C)n1ccnc1
Molecule_473,Cc1cc2c(cc1S(=O)(=O)Nc1cc(C(F)(F)F)ccc1Cl)OCC(=O)N2
Molecule_474,Cc1nn(CCCN2CCN(c3cccc(Cl)c3)CC2)c(=O)c2noc(C)c12
Molecule_475,CN1CCN(C(=O)[C@H](Cc2c[nH]c3ccccc23)Nc2ccnc3cc(Cl)ccc23)CC1
Molecule_476,Cc1ccnc(NC23CC4CC(CC(C4)C2)C3)c1
Molecule_477,CC(C)(C)C(=O)Oc1ccc(C(O)c2ccc(OC(=O)C(C)(C)C)cc2)cc1
Molecule_478,CC(=O)NCC1CN(c2ccc(C(C)=O)c(Cl)c2)C(=O)O1
Molecule_479,C=CCc1cc(C)ccc1OCC(=O)NCCNC(=O)C1=CC(C)(C)NC1(C)C
Molecule_480,COC(=O)c1sc(CC(C)C)cc1NC(=O)Nc1ccc(C)cc1
Molecule_481,CCN(CC)CCNC(=O)c1cc(Cl)c(NC(=O)COc2ccc(F)cc2)cc1OC
Molecule_482,C[C@@H](O)[C@H]1C(=O)N2C(C(=O)O)=C(S[C@@H]3CN[C@H](COc4ccccc4)C3)[C@H](C)[C@H]12
Molecule_483,CCCCNc1nc(N)nc(C)c1CCCN1CCNCC1
Molecule_484,CCCCOC1(C2=NCCN2)COc2ccccc2O1
Molecule_485,Cc1cc(CCOCCCOc2ccc3c(c2)OCO3)on1
Molecule_486,CC/C(=C(/c1ccc(OCCN(C)C)cc1)c1cccc(O)c1)c1ccccc1
Molecule_487,CCC(=O)N(c1ccccc1)[C@H]1CCN(CCc2ccc(N=C=S)cc2)C[C@H]1C
Molecule_488,O=C(O)CCCCCCCNC(=O)c1ccc(Cl)cc1O
Molecule_489,O=C1OCC2=C1C(c1ccc(F)cc1)c1c(c3cccnc3c3ncccc13)N2
Molecule_490,Nc1nc(N)c2c(Cl)c(NC(=O)Cc3ccc4ccccc4c3)ccc2n1
Molecule_491,CCOC(=O)C1=C(O)C(=O)N(Cc2ccc(Br)cc2)C1
Molecule_492,O=C1CSC(c2cccc(F)c2)N1c1ccc(Cl)cc1O
Molecule_493,CC(C)(C)c1ccc(C2OC2c2ccc(C(=O)O)cc2)cc1
Molecule_494,CCNC(=O)Nc1ccc(Oc2cccc(OC)c2)cc1
Molecule_495,Cc1cccc(C)c1N1C(=O)c2ccccc2C1=O
Molecule_496,NCc1ccc(Cl)cc1
Molecule_497,Cc1ncsc1C1SCC(=O)N1c1ccc(Cl)cc1O
Molecule_498,Nc1ccc(/N=N/c2ccc(S(N)(=O)=O)cc2)cc1
Molecule_499,CNc1nc(Cl)c(Sc2ccccc2)c(N2CCN(C)CC2)n1
Molecule_500,NCc1c(Cl)cccc1Cl
Molecule_501,Cc1ccccc1CNC(=O)Cc1c(C)noc1C
Molecule_502,COc1cc(OC)c(OC)cc1/C=C\C=O
Molecule_503,CN1C[C@H](C(=O)Nc2ccc(Cl)nn2)C[C@@H]2c3cc(C(C)(C)C)cc4[nH]cc(c34)C[C@H]21
Molecule_504,COc1ccc2cccc3c2c1CC(NC(C)=O)C3
Molecule_505,CC(Sc1nc2cc(F)ccc2n1Cc1ccc(Cl)cc1)C(=O)O
Molecule_506,O=S(=O)(NCCc1cccc(OCc2ccc3ccccc3n2)c1)C(F)(F)F
Molecule_507,CCCCc1c(O)n(Cc2ccccc2)c2nc3c(c(=O)n(C)c(=O)n3C)n2c1=O
Molecule_508,CC(=O)OCCOCN1c2ccccc2C(=O)NS1(=O)=O
Molecule_509,C#CCN(Cc1ccc2nc(C)nc(O)c2c1)c1ccc(C(=O)N[C@@H](C(=O)O)C(C)C)cc1
Molecule_510,C/C=C(\NC(=O)CCCCCC)C(=O)O
Molecule_511,CC(C)CC(O)(Cn1cncn1)C(=O)c1ccc(Cl)cc1
Molecule_512,C=CCO/N=C(\C(=O)N[C@@H]1C(=O)N2C(C(=O)O)=CCO[C@H]12)c1csc(N)n1
Molecule_513,CCn1c(=O)c2nc(C(=O)O)cn2c2ccccc21
Molecule_514,N=C(N)NCCC[C@@H]1NC(=O)N(CC(=O)N[C@@H](CC(=O)O)C(=O)N[C@@H](CO)C(=O)O)C1=O
Molecule_515,CCCCC/C=C\C/C=C\C/C=C\C=C\C(N)CCCC(=O)O
Molecule_516,COCCOCCOCC1CCCN1C
Molecule_517,CCNCC1CCN(c2c(F)c(N)c3c(=O)c(C(=O)O)cn(C4CC4)c3c2F)C1
Molecule_518,Cc1cc(C)cc(N2C(=O)Cc3ccccc3C2=O)c1
Molecule_519,CC(C)C1(C2=NCCN2)COc2ccccc2O1
Molecule_520,CCOC(=O)C(C(=O)OCC)=C(C)/C=C/C=C(C)/C=C/C1=C(C)CCCC1(C)C
Molecule_521,CCCCCCCCCCCCCC[C@]1(C(=O)OC)CO1
Molecule_522,C/C=C(\NC(=O)CCC(C)C)C(=O)O
Molecule_523,Nc1ccc(CCNC[C@H](O)COc2ccc(O)cc2)cc1
Molecule_524,COC(=O)CNC(=O)CSC1=C(C)C(=O)c2cccc(OC)c2C1=O
Molecule_525,CC(C)(C)NCC(O)COC(=O)c1ccccc1F
Molecule_526,CCC(C)(C)/N=c1\c(O)c(O)\c1=N/c1ccc(C#N)cc1
Molecule_527,CC(=O)OC1N=C(c2ccccc2Cl)c2cc(Cl)ccc2NC1=O
Molecule_528,CCn1c(=O)c2nc(C(=O)Nc3nn[nH]n3)cn2c2ccccc21
Molecule_529,COc1cc2c(cc1OC)[C@H]1c3cc(OC)c(OC)c(OC)c3OC[C@H]1[C@H](CO)C2
Molecule_530,CC(CC(=O)O)Cc1nc2ccccc2n1Cc1ccc(Cl)cc1
Molecule_531,COc1ccc2[nH]c3c(C)c4ccnc(NCCCCCCN)c4cc3c2c1
Molecule_532,Cc1cc2[nH]c(O)nc2cc1C#CCN1CCC(Cc2ccc(F)cc2)CC1
Molecule_533,CN1CC(C2=NCCN2)Oc2ccc(F)cc21
Molecule_534,Cc1cc(/C=C2/S/C(=N/c3cccc(Br)c3)NC2=O)c(C)n1C1CCCCC1
Molecule_535,C[C@@H](CC[C@H]1C(CO)=CC[C@H]2C(C)(C)CCC[C@]12C)CC(=O)OCCCCCN1CCOCC1
Molecule_536,CNc1nc(C#N)nc(N(C)C)c1N
Molecule_537,CNS(=O)(=O)c1cc2c(N=O)c(O)[nH]c2c2c1CCCC2
Molecule_538,Cc1cc(C(=O)O)c(O)c(C(=O)/C=C/c2cccc(/C=C/c3ccc4ccccc4n3)c2)c1
Molecule_539,O=C(Nc1ccccc1O)c1ccccc1NS(=O)(=O)c1ccc(Cl)s1
Molecule_540,N[C@@H](CO)C(=O)O
Molecule_541,O=c1c(Cc2ccccc2)coc2cccc(OCC3CCCCC3)c12
Molecule_542,COc1cc(NC(=O)COc2ccc(Cl)cc2)c(Cl)cc1C(=O)NCc1cccnc1
Molecule_543,Cn1c(=O)c2c(nc3n(Cc4ccccc4)c(=O)/c(=C/O)c(=O)n23)n(C)c1=O
Molecule_544,COc1cc(Cc2nc3ccccc3c3nc(N)nn23)cc(OC)c1
Molecule_545,CN1CCN(CC(c2ccc(OC(F)(F)F)cc2)C2(O)CCCCC2)CC1
Molecule_546,CCCc1c(OCCCOc2cc(O)c(C(C)=O)cc2CC)cccc1OC(C)C(=O)O
Molecule_547,O=S(=O)(O)NS(=O)(=O)O
Molecule_548,C[C@H](NC(=O)Cc1ccccc1)C(=O)N[C@H](C)C(=O)O
Molecule_549,CO[C@H]1[C@@H](N)[C@@H](O)[C@@H](O)[C@H]1O
Molecule_550,CC(C)C(=O)c1c(C(C)C)nn2ccccc12
Molecule_551,CNc1ccnc2c1ncn2[C@@H]1O[C@H](CO)[C@](O)(CO)[C@H]1O
Molecule_552,COc1ccc2[nH]c3c(C)c4ccnc(NCCCn5ccnc5)c4cc3c2c1
Molecule_553,CCC1c2ccccc2CCN1CC1=NCCN1
Molecule_554,CC(=O)c1cc2ccccc2s1
Molecule_555,CC(C)C[C@H](Nc1ccnc2cc(Cl)ccc12)C(=O)N1CCN(C)CC1
Molecule_556,O=C[C@H](Cc1ccccc1)NC(=O)C(Cc1ccccc1)NS(=O)(=O)c1ccccc1
Molecule_557,CC1=CC=C(C=O)C(c2ccc(N(C)C)cc2)C1
Molecule_558,CCCCCCc1nc2c([nH]1)N1C(=N[C@@H]3CCC[C@@H]31)N(C)C2=O
Molecule_559,CCCN(CCC)S(=O)(=O)c1ccc(C(=O)Nc2ccccc2N)cc1
Molecule_560,O=C(O)COCc1ccc(Br)cc1
Molecule_561,Cc1c(N2C[C@@H](F)[C@@H](C3(N)CC3)C2)c(F)c(N)c2c(=O)c(C(=O)O)cn([C@@H]3C[C@@H]3F)c12
Molecule_562,COCCN(CC(=O)N(C)C)c1ncccn1
Molecule_563,CCCC(=O)N(Cc1ccc(C#N)cc1)c1c(NC(C)C(C)(C)C)c(=O)c1=O
Molecule_564,CCCCON
Molecule_565,Cc1ccccc1N1C(=O)c2ccccc2C1=O
Molecule_566,CCC(c1ccc(O)c(COC)c1)C(CC)c1ccc(O)c(COC)c1
Molecule_567,CN(CCc1ccc2c(c1)OCO2)CC1CCCc2c(O)cccc21
Molecule_568,COc1ccc(C[C@H](C)NC[C@H](O)COc2ccc(O)cc2)cc1
Molecule_569,O=C(NC1CCc2cccnc21)c1cnn(CCNCc2nc3ccccc3[nH]2)c1
Molecule_570,COc1cc2c(c(OC)c1OC)CCN1C(=O)c3c(ccc(O)c3O)C[C@@H]21
Molecule_571,COc1cc(C(C)(C)C)c(OC)cc1CC(C)N
Molecule_572,Cc1nc(N)ccc1CNC(=O)Cn1c(C)ccc(NS(=O)(=O)Cc2ccccc2)c1=O
Molecule_573,Nc1ncnc2c1ncn2C1C=CC(O)C1
Molecule_574,Cc1ccc(NC(=O)c2cccc(C(F)(F)F)c2)cc1NC(=O)c1cncnc1
Molecule_575,CC(=O)N(C)CC#CCN1CCC(F)CC1
Molecule_576,N[C@@H](Cc1c[nH]cn1)C(=O)O
Molecule_577,O=C(O)Cc1ccc(N(CCCl)CCCl)cc1
Molecule_578,O=C(O)c1cn2c(cc(Cl)c3ccc(Cl)cc32)n1
Molecule_579,C=C=CC(C)N(C)Cc1ccccc1
Molecule_580,Cc1ccc(Sc2cncc3sc(C(=O)Nc4ccc(Cl)cc4)cc23)cc1
Molecule_581,CC(=O)/C=N/O
Molecule_582,Nc1nc(N)c2nc(CNc3ccc(C(=O)NC(CCC(=O)O)C(=O)O)c(F)c3)cnc2n1
Molecule_583,CN(C)/N=N/c1[nH]cnc1C(N)=O
Molecule_584,CCNCC1CCN(c2c(F)cc3c(=O)c(C(=O)O)cn(C4(C)CC4)c3c2F)C1
Molecule_585,COc1ccc(C2(O)OC(=O)C(c3ccc4c(c3)OCO4)=C2CC2CCCCCC2)cc1
Molecule_586,CCNCCCCCCCCCCCCNCC
Molecule_587,Nc1nc(O)c2ncn(CCCCCCCP(=O)(O)CP(=O)(O)O)c2n1
Molecule_588,Cc1c(C)c(C)c(S(=O)(=O)OCCCl)c(C)c1C
Molecule_589,CCOC(=O)c1cnc2nc(NS(=O)(=O)c3ccc(Cl)cc3)nn2c1N
Molecule_590,O=C(Nc1ccc2c(C(=O)c3ccccc3)c(O)n(O)c2c1)c1cccs1
Molecule_591,CC1CCC(=NNc2cccnc2)c2ncc(C(=O)O)c(=O)n21
Molecule_592,O=NN(CCCl)C(=O)NC(C(=O)O)C1CCCCC1
Molecule_593,COC(=O)[C@H](CCSC)NC(=O)[C@@H]1C[C@H](Oc2ccccc2)CN1C(=O)CCC[C@@H](N)CS
Molecule_594,C=CCN1CCCC1CNC(=O)c1c(OC)c(Br)cc(OC)c1OC
Molecule_595,COc1cccc(N(CCCl)CCCl)c1
Molecule_596,CCOC(=S)SCCCCC/C=C(\NC(=O)C1CC1(C)C)C(=O)O
Molecule_597,O=c1ccc2ccc(O[C@@H]3O[C@H](CO)[C@@H](O)[C@H](O)[C@H]3O)cc2o1
Molecule_598,CC(C)C(NC(=O)Cn1cccc(NC(=O)OCc2ccccc2)c1=O)C(=O)C(F)(F)F
Molecule_599,O=C(CCCCCCCn1ccnc1)c1ccccc1
Molecule_600,c1cncc([C@@H]2CCCN2)c1
Molecule_601,NCCc1c[nH]c2cc(O)ccc12
Molecule_602,O=C(CSc1ccncc1)N1CCOCC(O)C1
Molecule_603,CCOC(=O)N1CCC(CN2CCC3(CC2)CN(C(=O)OC)c2ncccc23)CC1
Molecule_604,CN1C[C@@H](C(=O)c2ccc(Cl)cc2)[C@H](c2ccc(Cl)cc2Cl)C1
Molecule_605,CC(C)(Oc1cccc(OC(C)(C)C(=O)O)c1)C(=O)O
Molecule_606,CCn1cc(C(=O)O)c(=O)c2c(C)c(F)c(N3CC(C)NC(C)C3)cc21
Molecule_607,Cn1c2c(c3cc(O)ccc31)CCCC2
Molecule_608,CCCCc1nc2c([nH]1)N1C(=N[C@@H]3CCC[C@@H]31)N(C)C2=O
Molecule_609,O=C(O)c1cn(C2CCC2)c2cc(N3CCNCC3)c(F)cc2c1=O
Molecule_610,c1ccc(Cc2ccccc2OCC2=NCCN2)cc1
Molecule_611,c1ccc2nc(COc3ccc(SCCCc4nnn[nH]4)cc3)ccc2c1
Molecule_612,CCOc1ccc(CC2=C(CCCc3cccc4ccccc34)N3CCCN=C3c3ccccc32)cc1
Molecule_613,O=C1CCC(=O)N1OS(=O)(=O)/C=C/c1ccccc1
Molecule_614,CN(CCOc1ccc(NS(C)(=O)=O)cc1)CCc1ccc(NS(C)(=O)=O)cc1
Molecule_615,O=C(c1ccccn1)C(O)(Cn1cncn1)c1ccccn1
Molecule_616,CCCc1c(OCCCOc2cccc(NC(=O)C(=O)OCC)c2C#N)ccc(C(C)=O)c1O
Molecule_617,O=C(c1ccccc1)c1ccc(OC(=O)C2CC2)cc1
Molecule_618,N#CCCCCn1c(=O)n(Cc2nc3ccccc3n2CCCC#N)c2ccccc21
Molecule_619,O=C(Cn1c(=O)sc2ccc(Cl)cc21)N1CCC(C(=O)N2CCc3ccccc3C2)CC1
Molecule_620,CCCCCCC(C)(O)CN
Molecule_621,CCCN(C)CCCCCc1ccccc1
Molecule_622,CC/C(=C(\Cc1ccccc1)c1ccc(OCN2CCCCC2)cc1)c1ccccc1
Molecule_623,CCCCCCc1ccc(Cn2cc(Br)c(=O)[nH]c2=O)cc1
Molecule_624,O=C(CSCc1ccccc1)NC1CCOC1=O
Molecule_625,O=C(O)CN1CCC(CS)C1=O
Molecule_626,COC(=O)C(C)(C)CCCOc1ccc(OCCCC(C)(C)C(=O)OC)c(Br)c1
Molecule_627,CC(OC(=O)Cn1cnc2ccccc2c1=O)C(N)=O
Molecule_628,O=C1CC2(CCCC2)CC(=O)N1CCCCNC[C@@H]1COc2ccccc2O1
Molecule_629,CC(C)(C)c1ccc(C2=Cc3ccc(NC(=O)Cc4ccccn4)cc3C3=NCCCN23)cc1
Molecule_630,CS(=O)(=O)ON1C(=O)CCC1=O
Molecule_631,CC(C)(C)NCC(O)COc1ccc(O)c(O)c1F
Molecule_632,CCCCC/C=C\C/C=C\C/C=C\C=C\C(CCCO)CCCC(=O)O
Molecule_633,CC/C(=C(\c1ccccc1)c1ccc(OC(C)=O)cc1)c1ccc(OC(C)=O)cc1
Molecule_634,COc1cccc(/C=C/C(=O)c2ccc(Br)cc2)c1OC
Molecule_635,N=C(N)NC(=O)c1nc(Cl)c(N2CCCCCC2)nc1N
Molecule_636,O=C(CC1CCCC1)NCCc1noc(CO)n1
Molecule_637,COc1ccc(Cl)cc1[C@@]1(F)C(=O)Nc2cc(C(F)(F)F)ccc21
Molecule_638,COc1ccc(CCCN2CCN(CCC(c3ccccc3)c3ccccc3)CC2)cc1
Molecule_639,CCCOC(=O)/C=C/c1ccc(O)c(O)c1
Molecule_640,C(\CCc1ccccc1)=C(/c1ccccc1)C1CCN(CCCCc2ccccc2)CC1
Molecule_641,C=C(c1ccccc1OCC(O)CNC(C)C)n1cccn1
Molecule_642,COc1oc(=O)c2cc(NC(=O)C(c3ccccc3)c3ccccc3)ccc2c1Cl
Molecule_643,CC(=O)N(CCCC[C@H](NC(=O)N[C@@H](CCC(=O)O)C(=O)O)C(=O)O)Cc1ccccc1
Molecule_644,COc1ccc(C2(O)OC(=O)C(c3ccc4c(c3)OCO4)=C2Cc2ccc(O)cc2)cc1
Molecule_645,CCCCCC(O)c1cccc(OCc2cccc(C(=O)O)c2)c1
Molecule_646,CC(C)N(CCC(CCN(C)C1CCCCC1)(C(N)=O)c1ccccc1)C(C)C
Molecule_647,C=CC(=O)NCCn1nc(C#CCOc2ccccc2)c2c(N)ncnc21
Molecule_648,Cc1nc(NC(=O)CC(C)C)c(C)c(C)c1O
Molecule_649,CCC(C)(C)/N=c1\c(O)c(O)\c1=N/Cc1c(C)cccc1Cl
Molecule_650,CC1=NN(C(=O)OCCC(C)C)C(C)N=N1
Molecule_651,CSc1ccc2nc3sc(C(=O)O)cn3c(=O)c2c1
Molecule_652,COc1noc(C2CN3CCC2CC3)n1
Molecule_653,CCCCCN(C(=O)CC)[C@H]1CCC2C3CC[C@H]4N(C)C(=O)CC[C@]4(C)C3CC[C@@]21C
Molecule_654,C=C(C)C[C@H](CC(=O)O)c1ccccc1
Molecule_655,Cc1sc2nc(SCCCN3CCN(c4ncccn4)CC3)n(N)c(=O)c2c1C
Molecule_656,Cc1n[nH]cc1CNCC(=O)NC(C)(C)C
Molecule_657,O=C(O)CCCCCCNC(=O)c1ccccc1O
Molecule_658,CCOC(=O)c1cnc2nc(NS(=O)(=O)c3ccc(Cl)cc3)nn2c1O
Molecule_659,CN(C)CCCCCCC/C=C(\NC(=O)C1CC1(C)C)C(=O)O
Molecule_660,Nc1nc2c3ccc(S(N)(=O)=O)cc3nc(Cc3ccc4c(c3)OCO4)n2n1
Molecule_661,COc1ccc2c3c1OC1[C@H](O)[C@](CO)(CCCc4ccccc4)CC4C(C2)N(C)CCC341
Molecule_662,CCN(CC)CCNC(=O)c1cc(Cl)ccc1NC(=O)COc1ccc(F)cc1
Molecule_663,Nc1nc2c3ccccc3nc(CCc3ccc(O)cc3)n2n1
Molecule_664,CCOC(=O)C(=O)NCC1OC(n2cc(C)c(=O)[nH]c2=O)CC1O
Molecule_665,CCN(CC)C(=O)C1CCCN(c2nc(N)c3cc(OC)c(OC)cc3n2)C1
Molecule_666,CNC(=O)CN1CCCC(CO)(CCCOC)C1
Molecule_667,Oc1cccc2c1C1CCCCC1O2
Molecule_668,CCN(CC)C(=O)CN1CCC[C@@H]2Cc3cc4c(cc3[C@H]21)OCO4
Molecule_669,N#C/N=C1\N(CCCCCOc2ccc(Cl)cc2)C(=O)CCN1c1ccncc1
Molecule_670,COc1cc(C(=O)O)c(OC)cc1CC(C)N
Molecule_671,CC(C)(CCCOc1ccc(OCCCC(C)(C)C(=O)O)c(C(F)(F)F)c1)C(=O)O
Molecule_672,CCCCCC(O)c1cccc(OCc2cccc(C(N)=O)c2)c1
Molecule_673,COc1cc(N)c(Cl)cc1C(=O)NCC1CCCN2CCCCC12
Molecule_674,O=C(O)Cc1ccc2c(c1)C=Cc1ccc(Cl)cc1O2
Molecule_675,CC1(C)OC[C@@H](C/C=C\CCC(=O)O)[C@@H](c2cncnc2)O1
Molecule_676,CC1=C(C(=O)OCc2ccccc2)C(c2cccc(C)c2)NC(=O)N1
Molecule_677,C1=C(c2ccccc2)N2CCCN=C2c2ccccc21
Molecule_678,COc1ccc2sc(C(N)=O)c(OC(C)C)c2c1
Molecule_679,CC(=O)N1CCC(=C2c3ccc(Cl)cc3CCc3ccc(C)nc32)CC1
Molecule_680,O=C1S/C(=C\c2ccc3ccccc3c2)C(=O)N1CC(=O)C(F)(F)F
Molecule_681,CC12C=CC(=O)C=C1[C@H]1C[C@H]1C1C2CCC2(C)C1CCC21CCC(=O)O1
Molecule_682,CC(NCCc1ccc(Cl)cc1)C1CCC2C3CC=C4CC(O)CCC4(C)C3CCC12C
Molecule_683,CC(C)[C@@H](CN1CC[C@@](C)(c2cccc(O)c2)[C@@H](C)C1)NC(=O)CCc1ccc(O)cc1
Molecule_684,CCOC(=O)c1ccc2c(c1)NC(=O)/C2=C(\Nc1ccc(CN2CCCCC2)cc1)c1ccccc1
Molecule_685,CN(C(=O)[C@H](CC#Cc1c[nH]cn1)NS(=O)(=O)c1ccc2ccccc2c1)C1CCCC1
Molecule_686,O=C(O)Cc1ccc2c(c1)C(=O)Cc1cc(F)ccc1O2
Molecule_687,C[C@@H](O)[C@H]1C(=O)N2C(C(=O)O)=C(c3cc(C#N)c4oc5ccccc5c4c3)C[C@H]12
Molecule_688,C/C=C1\C[C@H]2C=Nc3cc(O)c(OC)cc3C(=O)N2C1
Molecule_689,CCN(CC)CCNC(=O)c1ccc(NC(=O)COc2ccc(Cl)cc2)c(Cl)c1
Molecule_690,CCCCCCCCCCCOc1c(OC)cc(NC(C)CCCN)c2nccc(C)c12
Molecule_691,Cn1c(=O)sc2cc(CCCCN3CCN(Cc4ccccc4)CC3)ccc21
Molecule_692,Cc1c(C)c2c(c(C)c1O)CCC(C)(CN(C)CCOc1ccc(CC3SC(=O)NC3=O)cc1)O2
Molecule_693,COc1ccccc1/C=C/CC(=O)NCCCCCCCCC(=O)O
Molecule_694,CCCCCc1cc(O)c2c(c1)OC(C)(C)[C@@H]1CC[C@H](C)CC21
Molecule_695,CC(C)CCn1c(Cn2c(=O)n(CC#N)c3ccccc32)nc2ccccc21
Molecule_696,CC1(C)C=C(C(=O)NCCCNCc2ccccn2)C(C)(C)N1
Molecule_697,Clc1ccc2c(NCCCN3CCCCC3)ccnc2c1
Molecule_698,Cc1ccc(C)c(OCCCC(C)(C)C(=O)O)c1
Molecule_699,C=CC/N=c1\c(O)c(O)\c1=N/[C@@H](Cc1ccc(NC(=O)c2c(Cl)cncc2Cl)cc1)C(=O)O
Molecule_700,CC1CN(c2c(F)c(N)c3c(=O)c(C(=O)O)cn(C4CC4)c3c2Cl)CC(C)N1
Molecule_701,Cc1ccc([C@H]2CC(c3cc(Cl)ccc3O)=NN2C(=O)c2snnc2C)cc1
Molecule_702,COc1c(O)cc(C(=O)O)cc1OS(=O)(=O)O
Molecule_703,Cc1cccnc1
Molecule_704,Cc1ccc(C(=O)Oc2ccc(C(O)CNC(C)(C)C)cc2OC(=O)c2ccc(C)cc2)cc1
Molecule_705,c1cc(OCc2ccc3ccccc3n2)cc(OCc2nn[nH]n2)c1
Molecule_706,O=C(c1cnc2ccccc2c1)c1nc(O)c2ccccc2n1
Molecule_707,Nn1c(S)nnc1COc1ccc(Cl)cc1Cl
Molecule_708,Oc1cc2c(cc1SCCc1ccccc1)OCC2
Molecule_709,Nc1ccc(S(=O)(=O)Nc2ncccn2)cc1
Molecule_710,CCCCS(=O)(=O)Nc1ccc2ccc(OCc3ccc4ccccc4n3)cc2c1
Molecule_711,CCCc1nc(Br)cnc1NS(=O)(=O)c1cccc2c(N(C)C)cccc12
Molecule_712,CCC(=O)Oc1ccc(C(=O)c2ccccc2)cc1
Molecule_713,CN/C(=N\CCSCc1nc[nH]c1C)NC#N
Molecule_714,O=C(NCCOS(=O)(=O)O)C1CCN(C(=O)Cn2c(=O)sc3ccc(Cl)cc32)CC1
Molecule_715,CCn1ccnc1C1COc2ccccc2O1
Molecule_716,Nc1nc(F)nc2c1ncn2C1OC(CO)C(O)C1O
Molecule_717,CC(C)(C)OC(=O)N1C[C@@H](N)[C@@H](C(=O)O)C1
Molecule_718,COC(=O)CCCNC(=O)CSC1=CC(=O)c2cccc(OC)c2C1=O
Molecule_719,CC(C)c1cc(/C=C2\SC(N=C(N)N)=NC2=O)cc(C(C)C)c1O
Molecule_720,COc1cc(C(C)=O)cc(OC)c1OCCCN1CCC(c2noc3cc(F)ccc23)CC1
Molecule_721,O=C(c1ccc(Cl)cc1Cl)C(O)(Cn1cnnc1)c1ccc(Cl)cc1
Molecule_722,CO/N=C(/C#N)C1=CCCN(C)C1
Molecule_723,CC(C)c1ccc(N(Cc2cc(F)cc(F)c2)S(=O)(=O)c2cccn3cnnc23)cc1
Molecule_724,O=C(O)COc1cccc2c1CCCC2CCCCOC(c1ccccc1)c1ccccc1
Molecule_725,CCCCN(C(=O)c1cc2cc(O)ccc2n1C)c1ccccc1
Molecule_726,Oc1ccc(C2=Nc3ccccc3OC(c3ccccc3Cl)/C2=C/Nc2ccc(Cl)cc2)cc1
Molecule_727,CC1(O)OC(=O)C(Sc2ccccc2)=C1c1ccc(S(C)(=O)=O)cc1
Molecule_728,COc1ccc([C@@H]2[C@@H](C(=O)O)[C@H](c3ccc4c(c3)OCO4)CN2CC(=O)N(C)C2CCCCC2)cc1
Molecule_729,Cc1cc(C)cc(NC(=O)Cc2ccc(OC3(C(=O)N[C@H](CCC(=O)O)C(=O)O)CCCC3)cc2)c1
Molecule_730,O=c1oc(Nc2ccccc2OC(F)(F)F)nc2ccccc12
Molecule_731,CN(CCCCCc1ccccc1)CCCc1ccccc1
Molecule_732,C/N=C(\NC1c2cc(C#N)ccc2OC(C)(C)[C@H]1O)NS(N)(=O)=O
Molecule_733,CCN(CC)C(=S)SC(CC(=O)c1ccccc1)c1ccccc1
Molecule_734,O=C(NC1CC1)c1csc(C(O)c2cccc(C(F)(F)F)c2)n1
Molecule_735,CN1C(=O)c2cc(Nc3ccccc3)c(Nc3ccccc3)cc2C1=O
Molecule_736,Cc1nc(=O)c(C#N)c(NCc2cccnc2)[nH]1
Molecule_737,O=C(N[C@H]1COC1=O)c1ccc(C(=O)Oc2ccccc2)cc1
Molecule_738,CN(C)CCCOc1ccc2[nH]c(C(=O)c3cc4ccccc4[nH]3)cc2c1
Molecule_739,CC1(c2ccc(F)cc2)OC(/C=C/c2ccsc2)=CC1=O
Molecule_740,CC1(C)CCC2=C(O1)c1ccccc1C(=O)C2=O
Molecule_741,CO[C@H]1C(=O)N2C(C(=O)O)=C(CF)CS(=O)(=O)C12
Molecule_742,Cc1c(O)c(CC[C@H](C)C(=O)O)c(O)c2c1COC2=O
Molecule_743,Nc1ccccc1NC(=O)Nc1ccccc1
Molecule_744,COCC#CCC(NS(=O)(=O)c1ccc(NC(=O)c2ccc(Br)cc2)cc1)C(=O)O
Molecule_745,O=C1C=CC(=O)C=C1
Molecule_746,NC(CC(=O)O)C(O)C(O)C(N)CC(=O)O
Molecule_747,COc1ccc(C2CNC(=O)C2)cc1OC
Molecule_748,Cc1nc2ccccn2c1C(=O)N/N=C/c1ccc(O)cc1
Molecule_749,CC(C)(CCCOc1ccc(CCCc2ccccc2)cc1)C(=O)O
Molecule_750,CCCCCC(C)CCC(=O)CC(=O)N[C@H]1CCOC1=O
Molecule_751,CN(C)c1cccc2c(S(=O)(=O)Nc3ncc(Br)nc3O)cccc12
Molecule_752,Cc1cc2c(cc1C)NC(c1c(O)ccc3ccccc13)C1C(=O)CC(C)(C)CC1=N2
Molecule_753,N[C@H](/C=C\[C@@H]1C[C@H]1c1c[nH]cn1)CC1CCCCC1
Molecule_754,O=C(Oc1ccc2[nH]c(C(=O)c3cc4ccccc4[nH]3)cc2c1)c1cccnc1
Molecule_755,COc1cccc2c1CCC[C@H]2CN(C)CCc1ccc2c(c1)C=CS2(=O)=O
Molecule_756,CN(CCCl)CCCl
Molecule_757,NC(Cc1nsnc1O)C(=O)O
Molecule_758,Cc1ccc(NC2=C(Cl)C(=O)c3cccnc3C2=O)cc1
Molecule_759,O=C1/C(=C/c2ccccn2)CCC/C1=C\c1ccccn1
Molecule_760,O=C(OCN1C(=O)CC1Sc1nc2ccccc2o1)c1ccccc1
Molecule_761,CCOc1ccccc1OC(c1ccccc1)C1CNCCO1
Molecule_762,O=C1NC(c2cccnc2)Nc2[nH]cnc21
Molecule_763,C=CCOc1cccc(CNCCCNC(=O)C2=CC(C)(C)NC2(C)C)c1
Molecule_764,CC(=O)N(C)CC#CCN1CCC(OS(=O)(=O)c2ccc(C)cc2)C1
Molecule_765,O=C(O)CCCCCCCOc1ccc(NC(=O)c2c(O)nc3cccc(Cl)c3c2O)cc1
Molecule_766,CN(C)c1cc(CNc2ncnc3[nH]ncc23)ccn1
Molecule_767,CC(C)(C)c1cc(/C=C2\SC(N=C(N)N)=NC2=O)cc(C(C)(C)C)c1O
Molecule_768,Nc1ccc2c(c1)NC(=O)c1cc(N)cnc1O2
Molecule_769,Cc1cnn(CCC(=O)N2C[C@@H]3CC[C@H]2CN(CC(=O)N(C)C)C3)c1
Molecule_770,NS(=O)(=O)c1ccc(N2N=C(C(F)(F)F)CC2c2cccc3ccccc23)cc1
Molecule_771,O=C(O)CC1(Cc2nc3cc(F)ccc3n2Cc2ccc(Cl)cc2)CCCC1
Molecule_772,C=C(C)C(=O)Oc1ccc(C(=O)c2ccccc2)cc1
Molecule_773,O=C(Nc1cc(Cl)ccc1O)c1ccc(F)cc1
Molecule_774,c1cncc(CN2CCN(CC3CCCCN3)CC2)c1
Molecule_775,OCCCCCCCCCC(Br)CCO
Molecule_776,CCC1NN(C(C)=O)C(CC)NN1C(C)=O
Molecule_777,NC(=S)N/N=C/CC(=O)c1ccccc1
Molecule_778,COc1cc(NS(C)(=O)=O)ccc1Nc1c2ccccc2nc2cc(Cl)ccc12
Molecule_779,COC(=O)/C=C/c1ccc(OC)c(OC)c1
Molecule_780,COC(=O)C(C)(C)CCCOc1ccc(C(=O)c2ccc(OCCCC(C)(C)C(=O)OC)cc2)cc1
Molecule_781,Cc1coc(C2CN3CCC2CC3)n1
Molecule_782,COc1ccccc1C(=O)NC[C@]1(c2ccccc2)CC[C@@H](NC(=O)c2ccccc2)CC1
Molecule_783,c1ccc(Cc2ccc(OCCN3CCCC3)cc2)cc1
Molecule_784,N=C(N)c1ccc(C(=O)Nc2cccc(CCC(=O)O)c2)cc1
Molecule_785,OCC1(CO)COC1
Molecule_786,CCCCN(C)C(=O)CCCCCSC(Cc1ccc(O)cc1)c1ccc(O)cc1
Molecule_787,O=C(c1ccc(F)cc1)C1CCN(CCCCc2ccccc2)CC1
Molecule_788,Cc1nc(NS(=O)(=O)c2cccc3c(N(C)C)cccc23)ccc1Br
Molecule_789,CC(C)=CCC1=C(O)C(=O)c2ccccc2C1=O
Molecule_790,O=C(O)c1ccc(O)c(C(=O)/C=C/c2cccc(OCc3ccccc3)c2)c1
Molecule_791,COc1ccc(C(=O)c2c(C)n(CCN3CCCCC3)c3ccccc23)cc1
Molecule_792,Oc1cc2c(cc1O)CNCC2
Molecule_793,Oc1c(Cl)c(OCC(F)(F)F)nc(C(Cl)(Cl)Cl)c1Cl
Molecule_794,O=C(O)CC/N=C(\S)NNC(=O)Cn1c(C2CCNCC2)nc2cc(Cl)c(Cl)cc21
Molecule_795,CCCCNC(=O)COC1CCN(c2nc(N)c3cc(OC)c(OC)cc3n2)CC1
Molecule_796,COc1ccccc1Cn1cnc2c(N(C)C)ncnc21
Molecule_797,N#Cc1ccc(O)c(C(=O)/C=C/c2ccc(OCc3ccc4ccccc4n3)cc2)c1
Molecule_798,COC(=O)c1ccc(OCC(O)CNC(C)C)cc1
Molecule_799,COc1ccc(/C=N/c2ccc(C(=O)c3ccc(OC)cc3OC)cc2)cc1
Molecule_800,O=C(O)CCC1(CCC(=O)O)Cc2cc(OCc3ccccc3)ccc2C1=O
Molecule_801,COc1ccc(CC2CCN2)cc1
Molecule_802,O=S(=O)(/C=C/c1ccccc1)OCCCl
Molecule_803,CC1C/C(=N\Nc2ccccc2)c2ncc(C(=O)O)c(=O)n2C1
Molecule_804,CSCC/C=C(\NC(=O)C1CC1(C)C)C(=O)O
Molecule_805,COC(=O)[C@H](C)NP(=O)(COCCn1cnc2c(N)ncnc21)Oc1ccccc1
Molecule_806,CC/C(=C(\c1ccc(OC(C)=O)cc1)c1cccc(OC(C)=O)c1)c1cccc(OC(C)=O)c1
Molecule_807,CC(=O)c1cccc(N2C(N)=NC(N)=NC2(C)C)c1
Molecule_808,CC(=O)NCC1CN(c2ccc(C(C)=O)c(O)c2)C(=O)O1
Molecule_809,CC(NC(=O)c1ccc(CN(C)C)cc1)c1ccccc1
Molecule_810,CO[C@H]1C(=O)N2C(C(=O)C(C)(C)C)=C(CSc3nnnn3C)CS(=O)(=O)[C@H]12
Molecule_811,NCCC(=O)Nc1nnc(S(N)(=O)=O)s1
Molecule_812,CC1CCC[C@H]2[C@](C)(CC3=CC(=O)C(Cl)=CC3=O)[C@@H](C)CC[C@]12C
Molecule_813,CCc1ccc(Cl)oc1=O
Molecule_814,CCCCC[C@H](O)/C=C/C1[C@@H]2C[C@@H](O)[C@H]1C/C=C\CCCC(=O)O2
Molecule_815,COc1ccc(F)c(CN2CCN(C(=O)C(C)C)CC2)c1
Molecule_816,CCCNS(=O)(=O)c1cc(S(=O)(=O)NCCC)c2ccc(C)nc2c1O
Molecule_817,CNC(=O)c1sc(C(C)(C)C)cc1NC(=O)Nc1ccc(C(C)C)cc1
Molecule_818,COc1ccc(OCC(O)CNC(C)C)c(/C=C/CO)c1
Molecule_819,O=C(C1=C(O)c2ccccc2S(=O)(=O)N1Cc1ccccc1)c1ccccc1
Molecule_820,COc1cccc2c1CCC[C@H]2CN(C)CCc1ccc2cccnc2c1
Molecule_821,CC#CCOC1(C(F)(F)F)OC(=O)Nc2ccc(Cl)cc21
Molecule_822,CCc1nnc2c(NC3CCCC3)nc3ccccc3n12
Molecule_823,c1ccc2c(c1)cc1n2CCCNC1
Molecule_824,CCn1c(=O)n(Cc2nc3ccccc3n2CCCC(O)C(C)=O)c2ccccc21
Molecule_825,Cc1c(N2CC[C@@H](C3(N)CC3)C2)c(F)c(N)c2c(=O)c(C(=O)O)cn([C@@H]3C[C@@H]3F)c12
Molecule_826,CCOC(=O)[C@H](O)[C@H](CC1CCCCC1)NC(=O)[C@@H](NC(=O)Cc1ccccc1)C(C)C
Molecule_827,NCCC(=O)NC(Cc1c[nH]cn1)C(=O)O
Molecule_828,CCCCOC1c2c(ncn2Cc2ccc(OC)cc2)N=CN(C)N1C
Molecule_829,O=C1OC(O)(c2ccccc2)C(Cc2ccccc2)=C1c1ccc2c(c1)OCO2
Molecule_830,COc1cc(C2C3=C(COC3=O)Nc3c2c2cccnc2c2ncccc32)cc(OC)c1OC
Molecule_831,O=C(O)c1n[nH]c2c1OCC2
Molecule_832,O=S1NC(Cc2c[nH]c3ccc(Br)cc23)=NO1
Molecule_833,CCOC(=O)c1ccccc1OCC(O)CNCCNC(=O)C(C)C
Molecule_834,Clc1ccc2nc(N3CCNCC3)c(Sc3ccccc3)nc2c1
Molecule_835,C/C(=C\Cn1oc(=O)[nH]c1=O)c1cccc(OCc2cc(C(F)(F)F)cc(C(F)(F)F)c2)c1
Molecule_836,CCOC(=O)C1(CCCc2ccc(Cl)cc2)OC12CCCCC2
Molecule_837,CCCc1cc(=O)oc2c(C(=O)[C@H](C)[C@H](C)O)c(O)c3c(c12)OC(C)(C)C=C3
Molecule_838,CC(C)(CCCCOc1ccc(CCCCc2ccccc2)cc1)C(=O)OCc1cccnc1
Molecule_839,CCc1nnc2c(NC3CCCCC3)nc3ccccc3n12
Molecule_840,CCn1cc(C(=O)O)c(=O)c2cc(F)c(N3CCNC(C)C3)c(Cl)c21
Molecule_841,CCCCC/C=C\C/C=C\C/C=C\C/C=C\CCCC(=O)NCC
Molecule_842,CCn1c(=O)c2nc(C=O)cn2c2ccccc21
Molecule_843,CCCCC(=O)c1ccc2c(c1)CCO2
Molecule_844,CN1CCC(c2ccccc2)C1
Molecule_845,CCN1CCCC1CNC(=O)c1cc(NS(N)(=O)=O)ccc1OC
Molecule_846,CN(Cc1c[nH]c2nc(N)nc(N)c12)c1ccc(C(=O)N(C)C(CCC(=O)O)C(=O)O)cc1
Molecule_847,CCOC(=O)/C=C\Oc1ccc(F)cc1
Molecule_848,CNn1cc(C(=O)O)c(=O)c2cc(F)c(N3CCOCC3)cc21
Molecule_849,CC(N)(/C=C/CC(N)C(=O)O)C(=O)O
Molecule_850,CN(Cc1ccc(Cl)cc1Cl)C(=O)c1ccc(NC(=O)C2CC2)cc1
Molecule_851,COc1ccc(OC)c(CNCC(=O)Nc2cccc(OCc3ccccc3)c2)c1
Molecule_852,Nc1nc(O)c2cc(C(=O)NC(CCC(=O)O)C(=O)O)ccc2n1
Molecule_853,CCCc1csc(SC2=C(C(=O)O)N3C(=O)[C@H]([C@@H](C)O)[C@H]3[C@H]2C)n1
Molecule_854,CN1C[C@H](CNC(=O)OCc2ccccc2)C[C@@H]2c3cccc4[nH]cc(c34)C[C@H]21
Molecule_855,CCCC1CC(=O)N(OS(C)(=O)=O)C1=O
Molecule_856,O=C(Nc1ccc(Cl)cc1)OCCCc1c[nH]cn1
Molecule_857,CSc1cccc(N2CCN(CCCON3C(=O)c4ccccc4C3=O)CC2)c1
Molecule_858,c1ccc(CN2CCN(CCCN3CCN(Cc4ccccc4)CC3)CC2)cc1
Molecule_859,CCCCCc1cc(OC(C)=O)c2c(c1)OC(C)(C)[C@@H]1CCC(COC(C)=O)CC21
Molecule_860,CC1(C)OC(c2ccc(Br)cc2)=CC1=O
Molecule_861,CCCCC/C=C\C/C=C\C/C=C\C=C\C1CCCC(=O)C1
Molecule_862,CC(C)(C)c1cc(C(=O)CCC2CC2)cc2c1OCC2(C)C
Molecule_863,CC(CNCC(O)c1ccccc1)NC(=O)Cc1ccccc1
Molecule_864,NCC1CCCN(c2c(F)c(N)c3c(=O)c(C(=O)O)cn(C4CC4)c3c2F)C1
Molecule_865,COc1ccc(Nc2nc(Nc3ccccc3)c3ccccc3n2)cc1
Molecule_866,CCCCNC(=O)NCCNCC(O)c1ccccc1
Molecule_867,CC(C)N(CCC(CCN(C(C)C)C(C)C)(C(N)=O)c1cccc(F)c1)C(C)C
Molecule_868,C=C1C[C@H]([C@@H](O)c2ccccc2)OC1=O
Molecule_869,COC(=O)Nc1nc2cc(C(=O)NC3NC=CS3)ccc2[nH]1
Molecule_870,CC(C)OC(=O)c1cc(NC(=O)c2cccs2)ccc1OCC(O)CNC(C)(C)C
Molecule_871,O=C(c1ccc(C(F)(F)F)cc1)c1ccc2n1CCC2C(=O)O
Molecule_872,Nc1nc(N)c2c(CNc3ccc(C(=O)NC(CCC(=O)O)C(=O)O)cc3)coc2n1
Molecule_873,CC(C)N(CCC(CCN1CCCCC1)(C(N)=O)c1cccc(Cl)c1)C(C)C
Molecule_874,CC(=O)OCC(=O)c1cc(C(C)(C)C)c2c(c1)C(C)(C)CO2
Molecule_875,c1ccc(CN2CCC(CNc3n[nH]c4ccccc34)CC2)cc1
Molecule_876,CC1=CC(=O)c2c(O)ccc(O)c2C1=O
Molecule_877,CC12C=CC(=O)C=C1[C@H]1CC1C1C2CCC2(C)C1CCC21CCC(=O)O1
Molecule_878,O=C(OC1CN2CCC1CC2)C(O)(c1ccccc1)c1ccccc1Br
Molecule_879,CCOC(=O)[C@H](O)[C@H](CC1CCCCC1)NC(=O)[C@H](CC(C)C)NC(=O)Cc1cc(F)cc(F)c1
Molecule_880,CNC(=O)NCC(C)(C)NCC(O)COC(=O)c1ccccc1F
Molecule_881,C=CCc1cc(Cn2c(CC)nc3c(C)cc(C)nc32)cc(Cl)c1OC(C(=O)O)c1ccccc1
Molecule_882,Nc1cc[nH]c(=O)n1
Molecule_883,CC(C)(CC(=O)O)Cc1nc2cc(Cl)cnc2n1Cc1ccc(Cl)cc1
Molecule_884,COC(=O)Nc1nc2cc(C(=O)Nc3nccs3)ccc2[nH]1
Molecule_885,CC1COc2c(N3CCN(C)CC3)c(F)cc3c(=O)c(C(=O)O)cn1c23
Molecule_886,CO[C@H]1C(=O)N2C(C(=O)c3ccccc3)=C(C)CS(=O)(=O)[C@H]12
Molecule_887,O=C1Nc2ccc(Br)cc2C12SCCS2
Molecule_888,COC(=O)[C@@H](NC(=O)CSC1=C(C)C(=O)c2ccccc2C1=O)C(C)C
Molecule_889,CCC(c1ccc(O)c(O)c1)C(CC)c1ccc(O)c(O)c1
Molecule_890,CCOC(=O)C1=C(O)C(=O)N(CCc2ccccc2)C1
Molecule_891,CC(C)(C)N
Molecule_892,CC(Cc1ccc2ccccc2c1)NCCCc1ccccc1
Molecule_893,Cc1ccccc1CC1CCc2nc(N)nc(N)c2C1
Molecule_894,NC(=O)c1c(F)ccc(OCc2nc3ccc(Cl)cc3s2)c1F
Molecule_895,CCC(=O)c1ccc2c(c1)oc(=O)n2C
Molecule_896,COC(=O)Nc1nc2cc(C(=O)NC3CCCCC3)ccc2[nH]1
Molecule_897,COc1ccc2c(c1)C=CC21CCN(S(=O)(=O)C[C@]23CCC(CC2=O)C3(C)C)CC1
Molecule_898,O=C(Cn1c(C2CCNCC2)nc2cc(Cl)c(Cl)cc21)NNC(=S)NCc1ccco1
Molecule_899,COc1cc(C(=O)N2CCN(C(=O)c3cc(OC)c(OC)c(OC)c3)CC2)cc(OC)c1OC
Molecule_900,N#Cc1cc(Cl)cc(C(=O)/C=C/c2cccc(/C=C/c3ccc4ccccc4n3)c2)c1O
Molecule_901,O=C(/C=C/c1ccco1)c1ccc(Cl)c(Cl)c1
Molecule_902,CN(C)CCc1c[nH]c2sccc12
Molecule_903,O=C(/C=C\N(O)Cc1ccccc1)c1ccc(F)cc1
Molecule_904,O=C1CCCC1
Molecule_905,COc1cc(N)c(Cl)cc1C(=O)NC1CCN2C(C)CCC2C1
Molecule_906,O=C(NCc1ccccc1)OCCCc1c[nH]cn1
Molecule_907,CCc1ccccc1NCCN1CCCCCC1
Molecule_908,O=C1OCCC1NS(=O)(=O)Cc1ccccc1
Molecule_909,CN1CCN(C[C@@H](c2cccc(OC(F)(F)F)c2)C2(O)CCCCC2)CC1
Molecule_910,COc1cc([C@H]2Oc3cc(O)cc(O)c3C(=O)[C@@H]2O)ccc1O
Molecule_911,COC(=O)c1sc(C(C)(C)C)cc1NC(=O)Nc1ccc(N)cc1
Molecule_912,C[C@H](O)CNC(=O)c1c(O)c2ncc(Cc3ccc(F)cc3)cc2n(CC(=O)N(C)C)c1=O
Molecule_913,CCNCC1CCN(c2c(F)cc3c(=O)c(C(=O)O)cn(C4CC4)c3c2F)C1
Molecule_914,CC(O)C(CP(=O)(O)O)OCn1ccc(=O)[nH]c1=O
Molecule_915,CC(/N=C(\NC#N)Nc1ccc(C#N)cc1)C(C)(C)C
Molecule_916,Cc1cc(O)c(O)c2oc(=O)c3cc(O)c(O)cc3c12
Molecule_917,Oc1cc(/C=C/c2ccccc2)nc2cc3c(cc12)OCO3
Molecule_918,COC(=O)C(C)(C)CCCOc1cc(OCCCC(C)(C)C(=O)OC)cc(C(C)=O)c1
Molecule_919,CC(c1ccccc1)N1C(=O)c2c(F)c(F)c(F)c(F)c2C1=O
Molecule_920,COc1ccccc1OCC(O)CNC(C)C
Molecule_921,O=C(COc1cccc(F)c1C(=O)NCCCCO)N[C@H](CO)Cc1ccccc1
Molecule_922,O=C(O)Cc1ccc2c(c1)C(O)Cc1cc(F)ccc1O2
Molecule_923,COc1cccc2c1C[C@H]1CCN[C@H]1C2
Molecule_924,C[C@@H](CCc1ccc(O)cc1)NC[C@H](O)COc1ccc(O)cc1
Molecule_925,CC(C)N1C(S)=NC(c2cccc(F)c2)c2cc3c(cc21)OCO3
Molecule_926,Cc1c(NC(=O)Cc2ccc(Br)cc2)ccc2nc(N)nc(N)c12
Molecule_927,CN1CC[C@]23c4c5ccc(O)c4O[C@H]2C2=C(CCC(=O)N2Cc2ccccc2)C[C@@]3(O)[C@H]1C5
Molecule_928,COc1ccc2nc(C(F)(F)F)oc(=O)c2c1
Molecule_929,O=c1ccc2cccc(OCCCCCNO)c2[nH]1
Molecule_930,C#CCC(=O)Nc1ccc(Oc2cccc(OC)c2)cc1
Molecule_931,Cc1cn(C2CC(O)C(CO)O2)c(=O)[nH]c1=O
Molecule_932,C[C@@H](C(=O)O)c1ccc(C[C@@H]2CCC[C@H]2O)cc1
Molecule_933,N[C@@H](C(=O)N[C@@H]1C(=O)N2C(C(=O)O)=C(C3CC3)OC[C@H]12)c1ccc(O)cc1
Molecule_934,CCN[C@H]1C[C@@H](CC)S(=O)(=O)c2sc(S(N)(=O)=O)cc21
Molecule_935,CCCCCC1=C(C(=O)OCC)C(c2cccc(C)c2)NC(=O)N1
Molecule_936,Cn1c(=O)c(C(=O)Nc2ccccc2)c(O)c2ccccc21
Molecule_937,Nc1ccc(S(=O)(=O)Nc2nccs2)cc1
Molecule_938,CCCN(CCC)C(=O)CCN1C[C@@H](c2ccc3c(c2)OCO3)[C@H](C(=O)O)[C@H]1c1ccc(OC)cc1
Molecule_939,Cc1c(C#N)cccc1C1=NCCN1
Molecule_940,CCCC1Nc2cccc([C@@H]3C[C@H]3CNC(=O)NCC)c2O1
Molecule_941,COCCOC1(C2=NCCN2)COc2ccccc2O1
Molecule_942,Clc1ccc2c(NCCCCCCN3CCCCC3)ccnc2c1
Molecule_943,COc1ccc(CCCN2CCC(COC(c3ccccc3)c3ccc(Cl)cc3)CC2)cc1
Molecule_944,O=C(/C=C/c1cccc(OCCCCCCN2CCc3ccccc3C2)c1)c1ccccc1O
Molecule_945,O=C(OCCCN1CCCCC1)c1cc(O)c2c(c1)C(=O)c1cccc(O)c1C2=O
Molecule_946,CCC1(C)COc2ccc(C(=O)CCCC3CC3)cc21
Molecule_947,CCOC(=O)c1ncc2c(c1CC)c1cc(OCc3ccccc3)ccc1n2C
Molecule_948,CCN(CC)CC1CCCCN1CC(=O)N1c2ccccc2C(=O)Nc2cccnc21
Molecule_949,C=CCC1(C(C)C)C(=O)NC(=O)NC1=O
Molecule_950,Cc1nc2n(c(=O)c1C(N)=O)C(C)CCC2=NNc1ccccc1
Molecule_951,COc1ccc(NS(=O)(=O)c2ccc3c(c2)C(n2ccccc2=O)=CC(C)(C)O3)cc1
Molecule_952,CC1(C)OC[C@@H](C/C=C\CCC(=O)O)[C@@H](c2cccs2)O1
Molecule_953,Cc1nc(O)nc(O)c1/C=C/C(=O)ON1C(=O)CCCC1=O
Molecule_954,Clc1ccc(OCC2=Cc3ccccc3C3=NCCCN23)cc1
Molecule_955,CCCO
Molecule_956,O=C(O)CC[C@H](NC(=O)Oc1ccc(N(CCCl)CCCl)cc1)C(=O)O
Molecule_957,O=C1c2ccccc2NS(=O)(=O)N1Cc1ccccc1
Molecule_958,CC12NC(Cc3ccccc31)C1CCCCC12
Molecule_959,CC(C)(C)c1cc(NC(=O)CCCCCCCCC(=O)O)c(O)c(C(C)(C)C)c1
Molecule_960,CC1(C)OC(/C=C/c2cnccn2)=CC1=O
Molecule_961,CC(C)(C)C(=O)C(O)(Cn1cncn1)c1ccc(Cl)cc1Cl
Molecule_962,COC(=O)CCC1=CCCN(NC(=O)c2ccccc2)C1
Molecule_963,CCn1cc(C(=O)O)c(=O)c2c(N)c(F)c(N3C[C@H](N)[C@H]3C)c(F)c21
Molecule_964,O=C(c1ccc(Cl)cc1Cl)C(O)(Cn1cnnc1)c1ccc(Cl)cc1Cl
Molecule_965,CN1C(=O)[C@@H](N)CCCC/C=C/C[C@@H](C(=O)NCc2ccccc2)NC(=O)[C@@H]1Cc1ccc(O)cc1
Molecule_966,CC1(C)C=C(C(=O)NCCNC(=O)C2CC=CCC2C(=O)O)C(C)(C)N1
Molecule_967,COc1ccc(C2(O)OC(=O)C(c3ccc4c(c3)OCO4)=C2Cc2ccccc2)cc1C
Molecule_968,O=C(O)C1=NCCC1
Molecule_969,O=S(=O)(CS(=O)(=O)C(F)(F)F)c1ccc(Cl)c(Cl)c1
Molecule_970,CCOC(=O)c1nc2c(O)nc3ccc(C)cc3n2n1
Molecule_971,CC(C)(CNCCc1nc(C(=O)NCc2ncccc2F)cs1)c1nc2ccccc2[nH]1
Molecule_972,O=C(O)COc1ccc(CCNS(=O)(=O)c2ccccc2)cc1
Molecule_973,CC(C)CN1C2=NC(C)CN2C(=O)c2[nH]cnc21
Molecule_974,COc1ccc(NCc2ccc3nc(N)nc(N)c3c2)cc1OC
Molecule_975,O=C(O)c1cc(/N=N/c2ccc(S(=O)(=O)Nc3ccccn3)cc2)ccc1O
Molecule_976,CCCC(=O)NC[C@@H]1C[C@H]1c1cccc2c1OC(CCCCc1ccccc1)N2
Molecule_977,Nc1nc2ccc(N3CCOCC3)cc2o1
Molecule_978,CC(C)C[C@H](NC(=O)[C@@H](S)Cc1ccccc1)C(=O)N[C@@H](Cc1ccc(O)cc1)C(=O)O
Molecule_979,Cc1c(C(O)CN2CCN(CC(O)c3ccc4c(c3C)COC4=O)CC2)ccc2c1COC2=O
Molecule_980,CCCCCC[C@H](C)OC(=O)CC(=O)CBr
Molecule_981,C[C@H](NC(=O)[C@@H](N)CC(=O)O)C(=O)N[C@@H](CC(=O)O)C(=O)O
Molecule_982,CC(CCc1ccccc1)NCC(O)c1cc(C(N)=O)c2[nH]ccc2c1
Molecule_983,c1ccc2[nH]c(CN3CCc4c([nH]c5ccccc45)C3)nc2c1
Molecule_984,COc1ccccc1N1CCN(c2ccc(Nn3c(C)ccc3C)cc2)CC1
Molecule_985,COc1ccccc1S(=O)(=O)Nc1c(C)cc(C)cc1C
Molecule_986,CC(C)(C)OC(=O)C1=C(O)C(=O)N(Cc2ccccc2)C1
Molecule_987,O=C1Cc2ccccc2C(=O)N1O
Molecule_988,CN(C)CCCNCc1cccc2c1Oc1c(CNCCCN(C)C)cccc1C2(C)C
Molecule_989,CCC1(CC)C(=O)N(COC(=O)c2ccccc2)C1Sc1ccccc1
Molecule_990,O=c1[nH]c(=O)n(C2CC(O)C(CO)O2)cc1/C=C/Br
Molecule_991,CCCCCCCCCCS(=O)(=O)NC(CCCCCC)COP(=O)(O)OCCCC
Molecule_992,C=CCCCCCCCCC(=O)N/C(=C\C)C(=O)O
Molecule_993,Nn1c(C(F)(F)F)nc2ccccc2c1=O
Molecule_994,Cc1ccnc(NC(=O)N[C@H](CO)C(C)C)c1
Molecule_995,O=C(c1ccc(F)cc1)C1CCN(C(=O)c2cccc(F)c2)CC1
Molecule_996,O=C(c1ccc(O)cc1)c1ccc2n1CCC2C(=O)O
Molecule_997,CC(C)N(CCC(CCN(C(C)C)C(C)C)(C(N)=O)c1ccccc1F)C(C)C
Molecule_998,C[C@@]1(c2ccc(C(=N)N)cc2)NC(=O)N(CC(=O)N[C@@H](CC(=O)O)c2ccccc2)C1=O
Molecule_999,NS(=O)(=O)c1ccc(Nc2nccc(Nc3nc4ccccc4s3)n2)cc1
Molecule_1000,CCNCC1CCN(c2c(F)cc3c(=O)c(C(=O)O)cn(CC)c3c2F)C1
